id,Code
1,10903ZU
2,E210
3,G43909
4,B182
5,6110
6,O3413
7,E915
8,8500
9,Q780
10,R011
11,O4202
12,V163
13,O700
14,3E0234Z
15,I5030
16,J441
17,V137
18,O9952
19,Z91038
20,Z91013
21,N83311
22,2875
23,60020
24,Z923
25,N393
26,Q211
27,2531
28,K831
29,07BC0ZX
30,C50912
31,5011
32,49390
33,M069
34,3E0G76Z
35,O6981X0
36,O480
37,K561
38,J210
39,O3429
40,O6981X0
41,Z9010
42,B9689
43,E039
44,BT43ZZZ
45,4224
46,V440
47,Z90722
48,F918
49,0HTT0ZZ
50,2410
51,K2950
52,D259
53,04189
54,Z3A31
55,N62
56,O3421
57,K831
58,598
59,2809
60,Z9221
61,O7589
62,O30033
63,Q897
64,G43109
65,4940
66,R011
67,V8801
68,Z2251
69,Z20822
70,9921
71,7904
72,99812
73,78442
74,K3580
75,81400
76,O6003
77,O364XX0
78,O9832
79,I872
80,64881
81,K219
82,B952
83,F419
84,I4519
85,9911
86,O76
87,0UQGXZZ
88,K643
89,Z9049
90,O364XX0
91,O4202
92,O9912
93,4052
94,Z6710
95,C678
96,O480
97,0UT20ZZ
98,0UT54ZZ
99,O9902
100,F88
101,Z6740
102,O3413
103,E213
104,24290
105,N119
106,3404
107,J206
108,E872
109,95300
110,Z881
111,3E0F7SF
112,O26873
113,K430
114,5989
115,F0280
116,O6003
117,R1310
118,Z91048
119,2859
120,K603
121,E039
122,C50911
123,B977
124,M129
125,O9852
126,V140
127,O99284
128,Z886
129,E559
130,E8780
131,1985
132,V146
133,BW24ZZZ
134,O99354
135,99811
136,M5450
137,80001
138,O368130
139,E860
140,J069
141,O99344
142,B002
143,C50911
144,BW2FZZZ
145,7243
146,K589
147,3E033NZ
148,0UT70ZZ
149,4224
150,Z86018
151,Z906
152,9918
153,25050
154,K8020
155,O99284
156,O631
157,O0090
158,O210
159,0TBB8ZZ
160,M179
161,27651
162,G43909
163,3E03329
164,0HBT0ZZ
165,O34211
166,7569
167,O9912
168,M87051
169,Z171
170,BW21ZZZ
171,E785
172,Z6710
173,R6251
174,Z6710
175,0971
176,2720
177,9929
178,Z3A39
179,Z7984
180,66572
181,O328XX0
182,F068
183,78830
184,O99214
185,64891
186,N83291
187,D250
188,O9842
189,O714
190,J45909
191,0HTU0ZZ
192,O30043
193,64973
194,Z6710
195,O3693X0
196,4262
197,O99214
198,80103
199,R451
200,J9610
201,G4733
202,H538
203,BW24Y0Z
204,M545
205,Z6710
206,5421
207,10D00Z1
208,Q446
209,0UT14ZZ
210,88950
211,Z6740
212,Z6720
213,8659
214,Z9989
215,0UDN3ZZ
216,O364XX0
217,M25552
218,Z6711
219,0UJD7ZZ
220,V8532
221,7906
222,V272
223,K610
224,64661
225,N281
226,64421
227,65611
228,M810
229,0VB08ZZ
230,Z763
231,K900
232,Z593
233,0HBU0ZZ
234,D270
235,O9903
236,F319
237,G4700
238,O9912
239,R519
240,O30033
241,V452
242,0UT70ZZ
243,0BJ08ZZ
244,K760
245,9694
246,R110
247,0DH63UZ
248,0DBU0ZZ
249,M129
250,0Q8P3ZZ
251,7243
252,M2550
253,53020
254,0UT74ZZ
255,D690
256,0HTU0ZZ
257,O9972
258,I422
259,O700
260,Z85048
261,K602
262,04LE3ZT
263,0DH67UZ
264,0UT50ZZ
265,M25811
266,D563
267,N10
268,4011
269,2762
270,Z91048
271,91200
272,N979
273,Q5120
274,T18198A
275,81203
276,Z6710
277,BW24ZZZ
278,BT43ZZZ
279,Z96653
280,25000
281,O99284
282,Z91048
283,D563
284,E739
285,O623
286,0DNW0ZZ
287,Q231
288,O99284
289,J329
290,B24DZZZ
291,Z593
292,9929
293,BV44ZZZ
294,2182
295,9906
296,708
297,L4050
298,Z6740
299,04LE3ZT
300,O99214
301,V146
302,Z886
303,R109
304,K922
305,O621
306,Z880
307,2762
308,O358XX0
309,BW00ZZZ
310,M5126
311,BD16ZZZ
312,N400
313,3E0436Z
314,88950
315,7485
316,0DBM8ZX
317,8741
318,E663
319,Z3A41
320,H4420
321,88500
322,O4403
323,Z8611
324,BW03ZZZ
325,O3663X0
326,0UDB7ZZ
327,B952
328,F419
329,F17210
330,B852
331,Z803
332,Z951
333,3E03329
334,0UB98ZZ
335,0HHT0NZ
336,G43909
337,N189
338,064
339,J209
340,O7182
341,Z90722
342,L93
343,J0390
344,V550
345,K610
346,BY4FZZZ
347,B348
348,Z91040
349,9921
350,Z590
351,Z6710
352,Z608
353,Z9882
354,10D17ZZ
355,BW40ZZZ
356,Z4002
357,Z6740
358,O365930
359,Q774
360,N390
361,10D17Z9
362,E785
363,P393
364,O721
365,R634
366,E0500
367,64911
368,25090
369,A080
370,O30043
371,D259
372,V4582
373,D250
374,0DBE8ZZ
375,Z944
376,80003
377,K7460
378,Z6740
379,E860
380,10D07Z8
381,4131
382,0UT94ZZ
383,598
384,R634
385,32723
386,M6530
387,Z6710
388,O99332
389,O1404
390,K3520
391,Z8546
392,B9620
393,B181
394,L129
395,66001
396,BW4GZZZ
397,9921
398,Z6740
399,B9620
400,3E0P7VZ
401,BW40ZZZ
402,V462
403,R441
404,BT4JZZZ
405,E8881
406,91800
407,K2980
408,N871
409,Z171
410,84801
411,D563
412,3E033GC
413,Z371
414,8872
415,K589
416,84603
417,R0902
418,0VT00ZZ
419,O746
420,9929
421,8891
422,O3432
423,0UT90ZZ
424,I252
425,8819
426,M419
427,O8629
428,64403
429,N471
430,4240
431,O480
432,E8786
433,M7742
434,O9912
435,B952
436,2536
437,V1551
438,K4090
439,5781
440,N400
441,R430
442,3501
443,K5281
444,C541
445,0DTJ4ZZ
446,Z302
447,O99344
448,5589
449,64891
450,F17210
451,H66001
452,O322XX0
453,F418
454,0UB98ZZ
455,O34219
456,Z955
457,Z6741
458,47824
459,10D17ZZ
460,80772
461,Q824
462,O9912
463,F79
464,J301
465,D563
466,BW03ZZZ
467,Z6740
468,J45909
469,4263
470,O99284
471,64901
472,O021
473,O99284
474,0UT74ZZ
475,I4891
476,K200
477,O9912
478,2639
479,B957
480,C50912
481,Z9221
482,V1582
483,0HRNX74
484,O9952
485,O334XX0
486,0T9330Z
487,O623
488,O322XX0
489,78343
490,Z6711
491,Z91013
492,N189
493,4051
494,Z4001
495,B961
496,7384
497,I129
498,1830
499,B977
500,10903ZC
501,V142
502,O9952
503,Z6740
504,O98812
505,78951
506,D250
507,V4577
508,BR09ZZZ
509,B448ZZZ
510,G309
511,T18198A
512,J210
513,Z6710
514,O480
515,BW20ZZZ
516,O679
517,N189
518,C50911
519,F329
520,Z930
521,Z8611
522,I110
523,O00102
524,V8541
525,412
526,O3403
527,O368130
528,O9902
529,Z3A41
530,E8490
531,0392
532,BB4BZZZ
533,K449
534,I81
535,9923
536,I8393
537,10D07Z8
538,734
539,BU4CZZZ
540,K5900
541,O80
542,R000
543,65281
544,O9962
545,R160
546,D271
547,O99354
548,D563
549,64893
550,9914
551,N8501
552,5562
553,0UT90ZZ
554,78703
555,10D07Z8
556,3E033NZ
557,0UT20ZZ
558,5794
559,D649
560,7033
561,Z8619
562,4928
563,BW03ZZZ
564,P704
565,5421
566,Z9081
567,I420
568,J9600
569,M47816
570,I420
571,0UB98ZZ
572,2662
573,0H9U0ZZ
574,5423
575,O660
576,V9103
577,3E0333Z
578,Z880
579,O9972
580,BW03ZZZ
581,I700
582,C530
583,C541
584,K120
585,BH4BZZZ
586,49300
587,E559
588,99859
589,O99214
590,K610
591,O9842
592,R634
593,V5042
594,4019
595,0UT90ZZ
596,03HY33Z
597,H8109
598,78791
599,C541
600,099500Z
601,N979
602,4054
603,E876
604,Z3A40
605,D619
606,K5730
607,28803
608,0HBT0ZZ
609,BW40ZZZ
610,V1582
611,34590
612,Z803
613,64403
614,3E0G76Z
615,K602
616,0392
617,2762
618,65423
619,B0820
620,E039
621,725
622,0HBT0ZZ
623,099600Z
624,K900
625,O99844
626,N7013
627,E162
628,E860
629,E669
630,8878
631,E739
632,B181
633,8878
634,4052
635,W19XXXA
636,V137
637,0UT70ZZ
638,N028
639,O631
640,N185
641,R569
642,R809
643,3314
644,R319
645,70901
646,C50911
647,L299
648,Z332
649,N10
650,V8542
651,8659
652,Z9079
653,Z923
654,64931
655,Z6710
656,O3693X0
657,H5210
658,T2027XA
659,5587
660,Z6720
661,30000
662,Z6740
663,T8522XA
664,07T50ZZ
665,BV44ZZZ
666,5533
667,3E0234Z
668,Z8619
669,F1011
670,Z2251
671,K2950
672,N186
673,3E0234Z
674,10D07Z3
675,10S0XZZ
676,O4693
677,0HHT0NZ
678,C61
679,D563
680,K5710
681,0UB04ZZ
682,Z96643
683,K753
684,J0390
685,Z593
686,8533
687,56400
688,28850
689,O701
690,V603
691,C539
692,3E033GC
693,32723
694,44024
695,N7093
696,G5600
697,0HBU0ZZ
698,C50912
699,75739
700,65103
701,D259
702,5693
703,5119
704,85223
705,V1272
706,O624
707,K209
708,Z6841
709,0DTJ0ZZ
710,J9600
711,Z886
712,0KQM0ZZ
713,6816
714,99812
715,C541
716,V1087
717,4052
718,F329
719,R471
720,67014
721,Z6721
722,A925
723,0UB98ZZ
724,O99891
725,3E0337Z
726,Z96652
727,B9620
728,E0500
729,0689
730,N359
731,85203
732,4011
733,0UT90ZZ
734,O322XX0
735,O6981X0
736,0UT90ZZ
737,B029
738,40390
739,Z9882
740,I509
741,30928
742,D631
743,73313
744,83803
745,D352
746,V4572
747,Z9221
748,6849
749,H5501
750,Z1610
751,4051
752,E039
753,9351
754,O2662
755,0SB20ZZ
756,N390
757,K2950
758,0DTJ4ZZ
759,O99344
760,I480
761,V140
762,R401
763,65941
764,1749
765,55321
766,O30043
767,N179
768,R1013
769,28489
770,J449
771,D638
772,J040
773,Z930
774,N400
775,O99214
776,O34211
777,Z6834
778,E890
779,85503
780,BT4JZZZ
781,I130
782,O351XX0
783,V604
784,M545
785,O99214
786,5990
787,L02211
788,0UT24ZZ
789,B348
790,672
791,2639
792,C50912
793,K603
794,C50911
795,08RJ3JZ
796,D563
797,65961
798,Z3A34
799,C50911
800,Z91012
801,Z3A41
802,6541
803,J9809
804,Z6838
805,0UT97ZZ
806,Z87891
807,V1254
808,2809
809,C50911
810,E7800
811,O99214
812,E8497
813,3404
814,0KQM0ZZ
815,L03213
816,83803
817,Z8546
818,O00101
819,I481
820,R1013
821,67014
822,O9962
823,V440
824,K3580
825,J206
826,9330
827,Z6740
828,K912
829,J9600
830,3E033NZ
831,N979
832,I6782
833,07999
834,56210
835,4660
836,R801
837,F09
838,O9081
839,C50911
840,Z6740
841,53081
842,V137
843,0HRT0JZ
844,K219
845,0KQM0ZZ
846,R161
847,N920
848,D473
849,O3413
850,R1319
851,3E0F7GC
852,O746
853,78079
854,J4550
855,2809
856,D259
857,Z3A35
858,4292
859,4400
860,I080
861,Z8546
862,O99283
863,E872
864,N179
865,65841
866,2851
867,E882
868,G43909
869,Z3A38
870,I8510
871,4051
872,C773
873,29532
874,M5430
875,1800
876,9921
877,Z7901
878,4A0FX3Z
879,D62
880,O322XX0
881,0UT74ZZ
882,O321XX0
883,78060
884,D251
885,M5430
886,O3403
887,O021
888,O9952
889,P704
890,R197
891,BW24ZZZ
892,6110
893,88003
894,O9972
895,R2681
896,8595
897,M545
898,K861
899,K661
900,I898
901,V1254
902,I481
903,2449
904,5733
905,25000
906,M1611
907,K430
908,Z960
909,0D9QXZZ
910,40490
911,L4050
912,O714
913,74900
914,O99284
915,O9122
916,3E0234Z
917,T8140XA
918,J310
919,3E0G86Z
920,M069
921,9921
922,BY49ZZZ
923,Z7901
924,N83201
925,D242
926,O770
927,0TB03ZX
928,82710
929,486
930,O701
931,Y92009
932,B9562
933,O9081
934,Z91018
935,K922
936,O693XX1
937,Q8719
938,30183
939,Z9882
940,F05
941,07TC4ZZ
942,57400
943,J1289
944,N032
945,78079
946,B030ZZZ
947,F17210
948,D252
949,O2623
950,3814
951,Z91048
952,9394
953,0DBW3ZX
954,F419
955,064
956,7041
957,O701
958,4019
959,D539
960,BR0CZZZ
961,E9320
962,4A12X4Z
963,Z30432
964,Z6740
965,57400
966,Z96642
967,N184
968,M5126
969,Z6711
970,O9942
971,BN00ZZZ
972,05HY33Z
973,8875
974,O1424
975,C880
976,P0703
977,24290
978,F502
979,O99284
980,O9089
981,N189
982,E6601
983,Z886
984,3814
985,9914
986,2864
987,0W9G3ZZ
988,0UB14ZZ
989,067
990,M461
991,O30033
992,099500Z
993,7041
994,4051
995,O701
996,O9912
997,S27322A
998,5859
999,O721
1000,10D17Z9
1001,Q600
1002,V4577
1003,3360
1004,0UDB7ZZ
1005,K561
1006,F17210
1007,N809
1008,3E033NZ
1009,I110
1010,D472
1011,3E033NZ
1012,C50912
1013,412
1014,E559
1015,Z87891
1016,311
1017,10D17ZZ
1018,F17210
1019,Z8639
1020,0SB20ZZ
1021,Z6740
1022,Z90721
1023,64813
1024,Z974
1025,N139
1026,M109
1027,V1508
1028,H04419
1029,55321
1030,S42201A
1031,4513
1032,67182
1033,A150
1034,D252
1035,V141
1036,G40909
1037,Z96652
1038,64631
1039,486
1040,V140
1041,O9952
1042,Q753
1043,F341
1044,N281
1045,10D17ZZ
1046,9921
1047,K900
1048,9904
1049,O99344
1050,S72012A
1051,2809
1052,V146
1053,G43909
1054,O9972
1055,L89153
1056,I259
1057,0HQ9XZZ
1058,0FB03ZX
1059,E211
1060,85223
1061,0UT20ZZ
1062,5533
1063,3E03329
1064,W19XXXA
1065,R630
1066,H269
1067,O9952
1068,Z6838
1069,I509
1070,E890
1071,G43109
1072,C50911
1073,R509
1074,N390
1075,2189
1076,64801
1077,Z8739
1078,0UT74ZZ
1079,Z936
1080,Z6740
1081,G5710
1082,3E03329
1083,M059
1084,O351XX0
1085,6918
1086,B9620
1087,Z936
1088,H5200
1089,Z8719
1090,7231
1091,0DQR0ZZ
1092,51911
1093,O99335
1094,Z3A30
1095,R319
1096,K900
1097,O3421
1098,N801
1099,S52502A
1100,O9912
1101,4053
1102,25000
1103,Z6710
1104,O693XX0
1105,Z332
1106,07811
1107,Z6740
1108,3320
1109,0417
1110,H4420
1111,I259
1112,R001
1113,J45909
1114,V4572
1115,N390
1116,75234
1117,07TC4ZZ
1118,0DQR0ZZ
1119,64893
1120,M1289
1121,V1551
1122,O021
1123,0DBU0ZZ
1124,O99214
1125,N10
1126,D649
1127,4940
1128,42090
1129,0HX0XZZ
1130,10D07Z8
1131,O322XX0
1132,N83202
1133,E049
1134,0UT20ZZ
1135,O210
1136,C773
1137,1749
1138,0HBU0ZZ
1139,D649
1140,Z952
1141,3E03329
1142,E669
1143,O09523
1144,J342
1145,Z3A41
1146,O99284
1147,R809
1148,E211
1149,Z6740
1150,O700
1151,K743
1152,Q638
1153,9394
1154,3E0333Z
1155,99859
1156,8541
1157,K5190
1158,S82841A
1159,3E0436Z
1160,7840
1161,O99284
1162,Z9221
1163,D259
1164,4552
1165,F1011
1166,99832
1167,78060
1168,9904
1169,K623
1170,N809
1171,O701
1172,9950
1173,E559
1174,Z3A38
1175,J910
1176,Z803
1177,10D00Z1
1178,E890
1179,F068
1180,Z170
1181,10S0XZZ
1182,O99284
1183,BW40ZZZ
1184,O9912
1185,Z940
1186,BD16ZZZ
1187,D561
1188,S72102A
1189,N261
1190,E890
1191,725
1192,81400
1193,Z6710
1194,H5210
1195,N611
1196,8878
1197,BP05ZZZ
1198,0GT34ZZ
1199,O24420
1200,Z90710
1201,84700
1202,64821
1203,5859
1204,V524
1205,BW20ZZZ
1206,O9852
1207,10E0XZZ
1208,64403
1209,I872
1210,4052
1211,G40301
1212,25000
1213,O99284
1214,O99824
1215,3004
1216,O9952
1217,4281
1218,5859
1219,C541
1220,F1021
1221,4051
1222,Z6710
1223,B42CYZZ
1224,Z3A40
1225,0VT08ZZ
1226,7051
1227,0DQR0ZZ
1228,R490
1229,R102
1230,O09213
1231,O730
1232,4281
1233,E915
1234,T24311A
1235,G309
1236,4224
1237,O9842
1238,E669
1239,O9952
1240,32723
1241,30233N1
1242,B030ZZZ
1243,N323
1244,O9852
1245,3E1P88Z
1246,E162
1247,Z6740
1248,Y848
1249,R633
1250,J219
1251,D62
1252,N200
1253,5920
1254,O99324
1255,H9319
1256,N841
1257,0TJB8ZZ
1258,E860
1259,91200
1260,Z96651
1261,Z602
1262,R310
1263,O9952
1264,6961
1265,K5730
1266,O0943
1267,M1711
1268,O334XX0
1269,O99284
1270,734
1271,I272
1272,O9962
1273,O692XX0
1274,3669
1275,R7401
1276,O631
1277,E875
1278,04185
1279,53290
1280,1121
1281,R471
1282,T83511A
1283,0VT00ZZ
1284,N2889
1285,G3183
1286,5756
1287,8878
1288,Z593
1289,4011
1290,R079
1291,N23
1292,Z6830
1293,E872
1294,9771
1295,5950
1296,S82872A
1297,Q250
1298,C786
1299,L03213
1300,B182
1301,O9962
1302,I680
1303,Z228
1304,30233N1
1305,Z8719
1306,Z7901
1307,H5200
1308,K5900
1309,5303
1310,Z6710
1311,E739
1312,O3421
1313,9918
1314,O4202
1315,Z6741
1316,I8390
1317,N170
1318,08RK3JZ
1319,6170
1320,N400
1321,56400
1322,BY4FZZZ
1323,63491
1324,F17210
1325,I440
1326,M479
1327,Y92410
1328,27900
1329,Z90721
1330,0UBM0ZZ
1331,S52502A
1332,C539
1333,D6859
1334,80001
1335,N390
1336,27651
1337,O76
1338,Z6711
1339,Q8740
1340,N281
1341,0HTU0ZZ
1342,3E0333Z
1343,4412
1344,I951
1345,5854
1346,O98812
1347,V1309
1348,30000
1349,3E033VJ
1350,N170
1351,H1045
1352,D563
1353,K5190
1354,Z603
1355,4439
1356,3E0234Z
1357,Z886
1358,N200
1359,C50911
1360,0UT24ZZ
1361,0689
1362,M23611
1363,84803
1364,Z9884
1365,3572
1366,6902
1367,Z6710
1368,D72810
1369,Z888
1370,G40409
1371,0UT74ZZ
1372,4011
1373,D241
1374,3771
1375,99859
1376,V420
1377,Z8774
1378,E113299
1379,V1005
1380,3004
1381,N764
1382,1830
1383,9214
1384,BN00ZZZ
1385,O8629
1386,N10
1387,Z6710
1388,I456
1389,I2720
1390,Z9882
1391,80103
1392,5950
1393,Z3A17
1394,D693
1395,9906
1396,O99282
1397,9904
1398,Z886
1399,30233L1
1400,0JQC0ZZ
1401,9921
1402,51883
1403,0UQJXZZ
1404,1749
1405,R0902
1406,38420
1407,B9620
1408,1820
1409,S82872A
1410,O99284
1411,F1011
1412,4052
1413,D649
1414,I498
1415,B341ZZZ
1416,64661
1417,65811
1418,0UT94ZZ
1419,O621
1420,64911
1421,2550
1422,0T9B70Z
1423,L219
1424,I8510
1425,Z9989
1426,9921
1427,I4891
1428,3E03329
1429,D251
1430,Z3A33
1431,0W3R7ZZ
1432,0TQD7ZZ
1433,2449
1434,M8580
1435,0DTJ0ZZ
1436,B961
1437,H469
1438,O9962
1439,6110
1440,3E0G76Z
1441,0VT34ZZ
1442,V4576
1443,O360130
1444,O99284
1445,1749
1446,L732
1447,0UT70ZZ
1448,I259
1449,2753
1450,4525
1451,O3413
1452,10903ZU
1453,Q381
1454,Z370
1455,Z3A40
1456,E871
1457,25040
1458,O351XX0
1459,Z9989
1460,V1084
1461,Z86718
1462,72293
1463,C50911
1464,0DBW3ZX
1465,G40309
1466,V252
1467,Z91018
1468,9921
1469,B9620
1470,04111
1471,5790
1472,B2790
1473,40390
1474,K77
1475,I350
1476,I493
1477,L209
1478,E785
1479,R6252
1480,Z6838
1481,G8194
1482,K5080
1483,27702
1484,D259
1485,0USG0ZZ
1486,Z7901
1487,Z880
1488,G40909
1489,65961
1490,M79661
1491,E83119
1492,K900
1493,64121
1494,Z8611
1495,P0716
1496,H3530
1497,L508
1498,1970
1499,M419
1500,M359
1501,51889
1502,L02211
1503,Z91011
1504,Z6710
1505,Z6740
1506,M47897
1507,O99334
1508,0DQR0ZZ
1509,Z6711
1510,Z6838
1511,F418
1512,88950
1513,4149
1514,E079
1515,0UT14ZZ
1516,O621
1517,Z6741
1518,R809
1519,91200
1520,6841
1521,2762
1522,Q638
1523,I456
1524,V1508
1525,Z6710
1526,J069
1527,0HTT0ZZ
1528,0DTJ4ZZ
1529,25050
1530,4514
1531,I259
1532,H52209
1533,0UT50ZZ
1534,G43009
1535,O134
1536,I499
1537,3E033GC
1538,4719
1539,K219
1540,3E033VJ
1541,0HTU0ZZ
1542,B9689
1543,Z89021
1544,D251
1545,Y831
1546,I481
1547,W19XXXA
1548,3E0234Z
1549,I493
1550,Z6711
1551,7850
1552,0CTQXZZ
1553,N319
1554,O24420
1555,O09523
1556,6202
1557,E211
1558,3E033VJ
1559,2809
1560,M5126
1561,BB4BZZZ
1562,O700
1563,B9689
1564,C7951
1565,C50912
1566,O322XX0
1567,G43909
1568,7904
1569,T18198A
1570,Z96652
1571,K5080
1572,0UL70ZZ
1573,0HTV0ZZ
1574,C541
1575,G2581
1576,L52
1577,Z6740
1578,0UB10ZZ
1579,E860
1580,I700
1581,K5641
1582,R5600
1583,F411
1584,L299
1585,0QB00ZZ
1586,V8535
1587,0JBG0ZZ
1588,10903ZU
1589,4940
1590,O9972
1591,O3693X0
1592,Z3A40
1593,H5210
1594,M059
1595,Z886
1596,Z3A10
1597,V4364
1598,0UT60ZZ
1599,O99824
1600,5249
1601,BW40ZZZ
1602,0UDN3ZZ
1603,O701
1604,I880
1605,I700
1606,1977
1607,N938
1608,N000
1609,O9852
1610,R590
1611,0UT24ZZ
1612,N858
1613,412
1614,5123
1615,E063
1616,S42412A
1617,N841
1618,I110
1619,B020ZZZ
1620,Z3A40
1621,99503
1622,10907ZC
1623,N814
1624,R21
1625,E8881
1626,D171
1627,O770
1628,0DNW0ZZ
1629,C541
1630,N83311
1631,P034
1632,Z3A40
1633,3E0G76Z
1634,O99891
1635,486
1636,O610
1637,V629
1638,0UT90ZZ
1639,Z9221
1640,C184
1641,O701
1642,Z905
1643,R471
1644,Z888
1645,O99354
1646,75235
1647,57420
1648,5794
1649,K9189
1650,1830
1651,I739
1652,D6861
1653,24290
1654,0HHU0NZ
1655,Z6710
1656,7904
1657,K912
1658,G935
1659,C774
1660,0UT97ZZ
1661,R197
1662,Q513
1663,27800
1664,0UB98ZZ
1665,P741
1666,Z86718
1667,Z7901
1668,0TP980Z
1669,N981
1670,0UH98HZ
1671,O30043
1672,G600
1673,BU4CZZZ
1674,64901
1675,BY4FZZZ
1676,N858
1677,0HTU0ZZ
1678,N80121
1679,M160
1680,I10
1681,BW20ZZZ
1682,0DBW0ZZ
1683,R41843
1684,2809
1685,V452
1686,6849
1687,E872
1688,5790
1689,Z992
1690,H02403
1691,0W8NXZZ
1692,Z6740
1693,G4733
1694,64881
1695,R270
1696,3240
1697,E7800
1698,O134
1699,O624
1700,88100
1701,486
1702,B370
1703,0UBC8ZZ
1704,O322XX0
1705,H9319
1706,K8050
1707,N359
1708,Z3A38
1709,R5600
1710,0WUF0JZ
1711,0USG0ZZ
1712,J9819
1713,Z91048
1714,H66001
1715,Z87442
1716,8543
1717,E870
1718,Z8549
1719,O99332
1720,0UT74ZZ
1721,O99284
1722,5990
1723,53550
1724,O770
1725,Z3A37
1726,E039
1727,D693
1728,Z3A40
1729,O9962
1730,G40409
1731,J159
1732,S72042A
1733,8872
1734,42090
1735,M4316
1736,72291
1737,J210
1738,64901
1739,85003
1740,Z6720
1741,Z9221
1742,G031
1743,R1310
1744,Z923
1745,Z3A40
1746,0HB1XZZ
1747,E1122
1748,0UT64ZZ
1749,3E1K78Z
1750,Z947
1751,Z86010
1752,10D17ZZ
1753,H9110
1754,0HQ9XZZ
1755,O99284
1756,T23202A
1757,O610
1758,Z975
1759,O700
1760,E559
1761,07DR3ZX
1762,0UT94ZZ
1763,M419
1764,G253
1765,R339
1766,4052
1767,O99284
1768,K5730
1769,O99335
1770,O770
1771,O701
1772,10D07Z6
1773,C679
1774,07T60ZZ
1775,D72829
1776,5693
1777,O9952
1778,0HTU0ZZ
1779,K766
1780,O80
1781,9921
1782,K449
1783,O034
1784,N711
1785,O9089
1786,M8580
1787,10D07Z6
1788,O9972
1789,G35
1790,64891
1791,D649
1792,O9081
1793,M419
1794,B020ZZZ
1795,N049
1796,E875
1797,5303
1798,0UB98ZZ
1799,O925
1800,10D17ZZ
1801,Z3A31
1802,311
1803,Z955
1804,O481
1805,Z6710
1806,M2012
1807,5587
1808,3E0G76Z
1809,L639
1810,O99284
1811,O09813
1812,O9912
1813,5853
1814,Z888
1815,O701
1816,BW03ZZZ
1817,Z3A40
1818,O99284
1819,Z3A20
1820,6268
1821,O23593
1822,Z370
1823,E860
1824,Z3A27
1825,I495
1826,Z302
1827,H4420
1828,L120
1829,Z886
1830,O99824
1831,3E0337Z
1832,0HBT0ZZ
1833,O9962
1834,N751
1835,O4693
1836,F0280
1837,64231
1838,5011
1839,Z6710
1840,0UL70ZZ
1841,0UDN3ZZ
1842,M329
1843,00NY0ZZ
1844,0KQM0ZZ
1845,3E023GC
1846,Z8579
1847,O99284
1848,B951
1849,N764
1850,64661
1851,O99354
1852,Z6740
1853,I130
1854,I509
1855,10T24ZZ
1856,N189
1857,D682
1858,J9600
1859,E71311
1860,O9952
1861,99832
1862,0U5C8ZZ
1863,75322
1864,0PSJ04Z
1865,2911
1866,O6989X1
1867,Z593
1868,683
1869,M7710
1870,V140
1871,R51
1872,65281
1873,9918
1874,O334XX0
1875,0UB94ZZ
1876,I119
1877,9921
1878,BQ37ZZZ
1879,O480
1880,Q210
1881,0HTU0ZZ
1882,0UT04ZZ
1883,Z6710
1884,R109
1885,74900
1886,L209
1887,Z6740
1888,0D168Z4
1889,Z882
1890,Z6720
1891,27801
1892,BW40ZZZ
1893,O99335
1894,6589
1895,D751
1896,70901
1897,O3413
1898,O4292
1899,C50911
1900,61610
1901,00NY0ZZ
1902,5718
1903,K649
1904,M1990
1905,B964
1906,3E033GC
1907,66612
1908,30502
1909,R1312
1910,O24420
1911,B448ZZZ
1912,O99332
1913,65101
1914,0TF44ZZ
1915,K900
1916,Z853
1917,E872
1918,M24419
1919,85003
1920,B961
1921,R6252
1922,O99824
1923,H269
1924,CB121ZZ
1925,O365930
1926,D649
1927,Z3A23
1928,1966
1929,S0240DA
1930,K831
1931,O99284
1932,G35
1933,34409
1934,O745
1935,Z20822
1936,G4733
1937,C541
1938,0UT90ZZ
1939,E9289
1940,Z9221
1941,Q446
1942,53081
1943,I259
1944,2720
1945,0DBW0ZZ
1946,0HTV0ZZ
1947,Z6710
1948,J42
1949,3004
1950,5859
1951,B571
1952,0SBC4ZZ
1953,85003
1954,Z6740
1955,O9912
1956,3E0337Z
1957,1830
1958,O99284
1959,Z370
1960,D259
1961,J45909
1962,K5720
1963,F209
1964,0YU50JZ
1965,Z6740
1966,C50912
1967,K8590
1968,Z3A40
1969,Z4001
1970,J441
1971,Z87891
1972,83803
1973,2772
1974,C562
1975,88100
1976,42090
1977,Z602
1978,Z3A40
1979,Z3A40
1980,5523
1981,N359
1982,4718
1983,I82432
1984,O30043
1985,Z85850
1986,O99354
1987,Z9221
1988,O701
1989,O3663X0
1990,O24429
1991,64403
1992,Z593
1993,Z3A18
1994,88900
1995,10D07Z6
1996,4053
1997,0UT97ZZ
1998,O9962
1999,H35372
2000,O34211
2001,Z6710
2002,5768
2003,2762
2004,2535
2005,Z6741
2006,O2203
2007,Z6711
2008,J439
2009,M797
2010,9771
2011,M25511
2012,D696
2013,Z332
2014,E669
2015,I482
2016,3E0K805
2017,Z3A40
2018,Z880
2019,C7801
2020,N7001
2021,K56690
2022,Z940
2023,C50911
2024,I259
2025,R509
2026,E739
2027,0UT94ZZ
2028,65943
2029,Z91048
2030,3E03329
2031,O9962
2032,3893
2033,S060X0A
2034,F4320
2035,66001
2036,2639
2037,O99284
2038,C50911
2039,O322XX0
2040,N179
2041,B348
2042,R5600
2043,Z370
2044,B020ZZZ
2045,8879
2046,O76
2047,6841
2048,23332
2049,N809
2050,0HBT0ZZ
2051,F5000
2052,E739
2053,BW40ZZZ
2054,M2242
2055,Z9221
2056,64913
2057,S020XXA
2058,0UT74ZZ
2059,BW00ZZZ
2060,2809
2061,K589
2062,K2950
2063,6759
2064,C50911
2065,F1020
2066,O631
2067,G600
2068,0Q8P0ZZ
2069,64233
2070,R161
2071,Q5522
2072,0D9670Z
2073,I6523
2074,Q743
2075,9394
2076,64883
2077,99749
2078,0UT74ZZ
2079,B181
2080,486
2081,8521
2082,K8020
2083,Z20822
2084,5531
2085,O00102
2086,J45909
2087,40390
2088,8871
2089,83803
2090,57400
2091,Z843
2092,O99334
2093,5303
2094,K831
2095,O99284
2096,K623
2097,K269
2098,F418
2099,O3693X0
2100,N83201
2101,4270
2102,Z8619
2103,V1254
2104,C562
2105,3E033VJ
2106,J339
2107,4023
2108,J310
2109,J342
2110,0KQM0ZZ
2111,J343
2112,Z9989
2113,Z3A40
2114,N200
2115,04181
2116,10S0XZZ
2117,K900
2118,O610
2119,B977
2120,V462
2121,O721
2122,K831
2123,1820
2124,V103
2125,Z6741
2126,9923
2127,O3413
2128,BW24ZZZ
2129,N871
2130,O481
2131,3E033GC
2132,M7710
2133,49390
2134,78032
2135,74484
2136,I2699
2137,F250
2138,F1010
2139,O34211
2140,K769
2141,Q02
2142,G43909
2143,3E0R3BZ
2144,5198
2145,E119
2146,63491
2147,C50911
2148,O00102
2149,I10
2150,O24429
2151,Z888
2152,B9620
2153,4053
2154,D696
2155,O9952
2156,D259
2157,9923
2158,78609
2159,F418
2160,9921
2161,3E0333Z
2162,K5710
2163,R109
2164,N400
2165,E0590
2166,99813
2167,BW24Y0Z
2168,9907
2169,3E0233Z
2170,B957
2171,I350
2172,Z7901
2173,G40909
2174,0UT24ZZ
2175,P614
2176,O9912
2177,O6014X0
2178,4552
2179,2511
2180,84413
2181,04185
2182,I442
2183,O328XX1
2184,3E033GC
2185,3501
2186,Z936
2187,G43109
2188,B341ZZZ
2189,0UQMXZZ
2190,66301
2191,0HBT0ZZ
2192,64901
2193,0H9U0ZZ
2194,B9689
2195,Z8679
2196,65921
2197,3E1K78Z
2198,O364XX0
2199,J45909
2200,Z880
2201,78703
2202,BW40ZZZ
2203,B182
2204,D241
2205,32723
2206,53013
2207,I081
2208,0417
2209,Z6710
2210,78061
2211,10D07Z8
2212,84803
2213,H33002
2214,64891
2215,E039
2216,0HTU0ZZ
2217,4053
2218,Z981
2219,K449
2220,Z3A41
2221,78032
2222,Z843
2223,G43909
2224,5070
2225,Q513
2226,O9942
2227,33510
2228,V1201
2229,C541
2230,M419
2231,N83202
2232,P393
2233,J206
2234,O481
2235,N611
2236,E113299
2237,Q211
2238,9604
2239,V443
2240,V440
2241,O9089
2242,2724
2243,J00
2244,O99333
2245,D72820
2246,E860
2247,K115
2248,51911
2249,F418
2250,O1424
2251,D320
2252,9771
2253,Z87442
2254,I272
2255,O9962
2256,M419
2257,3E0234Z
2258,B957
2259,O9989
2260,3051
2261,N179
2262,56881
2263,BT4JZZZ
2264,J90
2265,0UT04ZZ
2266,C50912
2267,Q8740
2268,N871
2269,4241
2270,0HTV0ZZ
2271,Q672
2272,I10
2273,0UT74ZZ
2274,O99284
2275,F329
2276,Z9049
2277,L03115
2278,0HRU37Z
2279,N10
2280,I480
2281,C50911
2282,N651
2283,D689
2284,2535
2285,84413
2286,0UT74ZZ
2287,L4050
2288,2864
2289,K7460
2290,3E033NZ
2291,O9972
2292,4011
2293,27801
2294,Z20822
2295,63491
2296,49300
2297,06H033T
2298,0T9880Z
2299,F418
2300,185
2301,O4292
2302,B32S1ZZ
2303,4023
2304,85003
2305,0UB14ZZ
2306,E860
2307,4131
2308,5849
2309,R630
2310,O99214
2311,M23262
2312,J210
2313,Z8701
2314,K4020
2315,0RQG4ZZ
2316,J95830
2317,5587
2318,6200
2319,4928
2320,1371
2321,Z30432
2322,V440
2323,V524
2324,Z8546
2325,2809
2326,N400
2327,5859
2328,O730
2329,O99214
2330,Z6741
2331,485
2332,O9081
2333,BW03ZZZ
2334,Z936
2335,2724
2336,C50911
2337,27900
2338,Y9367
2339,E872
2340,0UB98ZZ
2341,Z6710
2342,Z880
2343,Z950
2344,R011
2345,N950
2346,0UB98ZZ
2347,BT4JZZZ
2348,F17210
2349,O9902
2350,3E0F7GC
2351,F418
2352,57140
2353,N186
2354,5531
2355,V860
2356,B9561
2357,Z886
2358,V462
2359,M47816
2360,6266
2361,C50912
2362,I481
2363,M069
2364,K6289
2365,N6021
2366,9604
2367,O034
2368,V5811
2369,Z658
2370,0UT24ZZ
2371,O610
2372,Z3A38
2373,Z6740
2374,E860
2375,Z91018
2376,K900
2377,F17210
2378,D682
2379,486
2380,G8220
2381,99811
2382,N83201
2383,4A0FX3Z
2384,4262
2385,F250
2386,Z96641
2387,G43909
2388,V146
2389,V606
2390,N261
2391,Z886
2392,5920
2393,0HHU0NZ
2394,Z6838
2395,E0590
2396,V163
2397,08RK3JZ
2398,N710
2399,Z3A39
2400,V146
2401,Z6741
2402,E890
2403,0HQ9XZZ
2404,2713
2405,2452
2406,0UT90ZZ
2407,2721
2408,O011
2409,O721
2410,8553
2411,Q210
2412,6162
2413,I071
2414,J45909
2415,65103
2416,10S0XZZ
2417,O411230
2418,0796
2419,3E03329
2420,O9903
2421,72751
2422,H8110
2423,04189
2424,4052
2425,K900
2426,Z96653
2427,R011
2428,O34219
2429,K4030
2430,G43909
2431,Z87891
2432,0W9B3ZZ
2433,5A1935Z
2434,0UT70ZZ
2435,B9689
2436,M1711
2437,O99214
2438,M1990
2439,64621
2440,D649
2441,F17210
2442,282
2443,7200
2444,0TCB8ZZ
2445,N400
2446,87363
2447,J351
2448,0JB70ZZ
2449,E119
2450,K209
2451,99527
2452,V1083
2453,B373
2454,Z6830
2455,O3413
2456,42731
2457,640
2458,3E033NZ
2459,78060
2460,O9832
2461,6A600ZZ
2462,K602
2463,K5900
2464,3510
2465,0VT04ZZ
2466,6529
2467,6149
2468,E0590
2469,1977
2470,Z87440
2471,O43193
2472,O458X3
2473,Z87440
2474,20400
2475,G43909
2476,65101
2477,2900
2478,78061
2479,6841
2480,R160
2481,0D9670Z
2482,74484
2483,O9912
2484,M479
2485,BT4JZZZ
2486,Z6730
2487,Z171
2488,N119
2489,O864
2490,Z3A34
2491,04182
2492,O30043
2493,40390
2494,Z8672
2495,Z6838
2496,74721
2497,N950
2498,2911
2499,O9902
2500,M48061
2501,V146
2502,J9811
2503,07T60ZZ
2504,Z6740
2505,Z370
2506,M50222
2507,4053
2508,BW20ZZZ
2509,G20
2510,O034
2511,84803
2512,51889
2513,Z886
2514,Z992
2515,751
2516,47410
2517,Z6710
2518,J205
2519,R590
2520,Z993
2521,Z880
2522,C50911
2523,0GT34ZZ
2524,Z6740
2525,H9190
2526,Z3A40
2527,M4712
2528,5990
2529,D259
2530,I4891
2531,O621
2532,O00101
2533,O80
2534,F418
2535,F17210
2536,07TD0ZZ
2537,O1424
2538,Z9049
2539,O3421
2540,I509
2541,Z6710
2542,O3663X0
2543,1749
2544,N179
2545,N189
2546,7200
2547,Z6837
2548,2189
2549,Z20822
2550,Z6740
2551,Z6740
2552,7851
2553,7820
2554,3439
2555,6266
2556,3090
2557,N83291
2558,0UT24ZZ
2559,BW40ZZZ
2560,BQ08ZZZ
2561,3E0S3GC
2562,3490
2563,D259
2564,5849
2565,BU4CZZZ
2566,O76
2567,O9081
2568,J210
2569,J432
2570,O30043
2571,Z436
2572,0UB94ZZ
2573,R55
2574,10908ZC
2575,2721
2576,47411
2577,Z6730
2578,4019
2579,N99820
2580,0HQ9XZZ
2581,2911
2582,Z21
2583,B181
2584,5641
2585,R809
2586,E119
2587,0UT90ZZ
2588,0UB98ZZ
2589,85003
2590,BH4BZZZ
2591,E8352
2592,Z6740
2593,BY4DZZZ
2594,Z3A41
2595,O210
2596,Y92410
2597,C787
2598,K200
2599,78650
2600,0CBS8ZZ
2601,O7589
2602,Z2251
2603,K8020
2604,P398
2605,2410
2606,O640XX0
2607,2449
2608,0389
2609,O99284
2610,E876
2611,7569
2612,65811
2613,K115
2614,B030ZZZ
2615,V606
2616,O00102
2617,S42021A
2618,O9081
2619,27801
2620,F10120
2621,Z332
2622,R197
2623,65103
2624,311
2625,0UT60ZZ
2626,Z9981
2627,G40409
2628,O328XX2
2629,D251
2630,Z3A31
2631,81203
2632,I129
2633,65811
2634,B9561
2635,D682
2636,M2011
2637,9929
2638,Z96642
2639,28860
2640,Z431
2641,O731
2642,55010
2643,5123
2644,J45901
2645,N189
2646,Z170
2647,E7800
2648,0UT60ZZ
2649,Z6710
2650,K5190
2651,0QB00ZZ
2652,O99284
2653,5A09357
2654,Z3A28
2655,Z6710
2656,0UT74ZZ
2657,78630
2658,E785
2659,R490
2660,N390
2661,O4202
2662,O43813
2663,Z6730
2664,0UT24ZZ
2665,412
2666,0UB90ZZ
2667,R7301
2668,V146
2669,N801
2670,6172
2671,I4510
2672,0VB08ZZ
2673,I8390
2674,Q6210
2675,99503
2676,Q8501
2677,0KQM0ZZ
2678,O1414
2679,V1506
2680,BW00ZZZ
2681,2724
2682,0CBS8ZZ
2683,BW24ZZZ
2684,Q8719
2685,K30
2686,90140
2687,O693XX0
2688,674
2689,Z228
2690,0T9780Z
2691,M1611
2692,O6014X0
2693,Z6710
2694,72671
2695,1840
2696,N200
2697,R569
2698,0VBQ0ZZ
2699,H409
2700,0UB98ZZ
2701,M5126
2702,9921
2703,009U3ZX
2704,Z9049
2705,O99284
2706,R42
2707,B32SZZZ
2708,56210
2709,38420
2710,O3663X0
2711,O4692
2712,O9832
2713,O99284
2714,V440
2715,78079
2716,F329
2717,P284
2718,30000
2719,7470
2720,90100
2721,Z7901
2722,2754
2723,80703
2724,O1414
2725,V146
2726,0YUA0JZ
2727,O700
2728,V5042
2729,Q211
2730,O480
2731,N859
2732,3314
2733,O4103X0
2734,5794
2735,8879
2736,N766
2737,2851
2738,Q6210
2739,B246ZZZ
2740,10D17ZZ
2741,Z981
2742,BY4CZZZ
2743,O9903
2744,10D07Z8
2745,Z3A31
2746,Z6730
2747,M329
2748,N760
2749,9214
2750,Z96641
2751,85003
2752,Z3A40
2753,R1110
2754,0UPD8JZ
2755,BW03ZZZ
2756,I350
2757,V8542
2758,10D17Z9
2759,9921
2760,Q240
2761,A080
2762,0091
2763,2662
2764,N979
2765,0HHV0NZ
2766,2330
2767,F918
2768,O700
2769,O0943
2770,U071
2771,O9912
2772,2726
2773,E109
2774,02HV33Z
2775,CB121ZZ
2776,2189
2777,63491
2778,M810
2779,F17210
2780,I731
2781,Z6710
2782,10D17ZZ
2783,O9902
2784,R34
2785,Z880
2786,G3184
2787,D251
2788,R32
2789,Z8679
2790,K5190
2791,Z880
2792,O328XX1
2793,V860
2794,J13
2795,0SRB0JA
2796,O9962
2797,O721
2798,Z6710
2799,D509
2800,G43109
2801,3669
2802,X19XXXA
2803,I351
2804,D259
2805,R0789
2806,R188
2807,72402
2808,3E033GC
2809,V861
2810,R05
2811,78830
2812,3E033GC
2813,Y831
2814,2720
2815,Z9882
2816,N888
2817,F418
2818,K219
2819,Q02
2820,R6251
2821,8570
2822,Z886
2823,O26873
2824,O99344
2825,I509
2826,3E0H7GC
2827,49390
2828,0TC68ZZ
2829,F4321
2830,3490
2831,O864
2832,7856
2833,Z3A38
2834,73313
2835,F17210
2836,G3184
2837,O610
2838,6541
2839,O24429
2840,H903
2841,J219
2842,O00102
2843,Z96643
2844,V4577
2845,5185
2846,O3403
2847,D242
2848,R109
2849,R55
2850,O622
2851,O701
2852,J449
2853,O334XX0
2854,1985
2855,O99344
2856,BW24Y0Z
2857,O99283
2858,I259
2859,1742
2860,O9902
2861,V270
2862,64803
2863,2189
2864,P221
2865,Z6740
2866,E559
2867,O34219
2868,7483
2869,N189
2870,Z96653
2871,B348
2872,R4701
2873,I340
2874,O691XX0
2875,Z880
2876,J9610
2877,BW24ZZZ
2878,C773
2879,K317
2880,E039
2881,F17210
2882,M1812
2883,R001
2884,Z3A21
2885,Z86711
2886,99811
2887,K831
2888,O99282
2889,O721
2890,O1404
2891,K529
2892,81400
2893,Z170
2894,O925
2895,O925
2896,O480
2897,0HBT0ZZ
2898,Z880
2899,G35
2900,F5000
2901,1985
2902,O134
2903,283
2904,Z87891
2905,0UT90ZZ
2906,O721
2907,O034
2908,N200
2909,78842
2910,I071
2911,O701
2912,2452
2913,O350XX0
2914,E221
2915,V860
2916,I350
2917,Z6720
2918,D259
2919,Z6841
2920,D751
2921,O99344
2922,Z6740
2923,D259
2924,3E03328
2925,G9609
2926,Z8616
2927,Z880
2928,K831
2929,E041
2930,0D758ZZ
2931,8878
2932,84803
2933,9394
2934,4A1HXCZ
2935,1840
2936,O99314
2937,64891
2938,0VT04ZZ
2939,M329
2940,Z6710
2941,0HB1XZZ
2942,BP0XZZZ
2943,0UT74ZZ
2944,V146
2945,F329
2946,M24419
2947,N390
2948,O4202
2949,V1551
2950,P0703
2951,Z170
2952,4A00X4Z
2953,Z975
2954,4A1HXCZ
2955,V452
2956,64631
2957,N801
2958,4262
2959,Z6710
2960,Z3A10
2961,0UQGXZZ
2962,R5082
2963,Z6741
2964,5123
2965,O701
2966,F5000
2967,0SRD0J9
2968,9921
2969,Z8781
2970,O9852
2971,O3693X0
2972,61610
2973,5300
2974,7871
2975,5718
2976,0UB98ZZ
2977,R011
2978,D6101
2979,K3580
2980,R05
2981,Z6841
2982,N400
2983,V1229
2984,N189
2985,E890
2986,0UT24ZZ
2987,3004
2988,O99284
2989,Z332
2990,V146
2991,Q613
2992,F329
2993,K200
2994,D693
2995,B029
2996,I517
2997,734
2998,4023
2999,N529
3000,E1122
3001,J449
3002,Z87442
3003,Z886
3004,Z6740
3005,M059
3006,O864
3007,Z880
3008,9921
3009,0SBC4ZZ
3010,D539
3011,Q210
3012,F418
3013,0HTT0ZZ
3014,Z803
3015,Q600
3016,Z96653
3017,C50912
3018,0HBV0ZZ
3019,311
3020,E039
3021,Z886
3022,K439
3023,O322XX0
3024,O034
3025,8878
3026,84801
3027,Y836
3028,0HQ9XZZ
3029,BW40ZZZ
3030,2512
3031,BY4FZZZ
3032,B9689
3033,BW03ZZZ
3034,0UHG7GZ
3035,K900
3036,F4320
3037,63491
3038,30022
3039,BR00ZZZ
3040,Z881
3041,53081
3042,O700
3043,Z6710
3044,34931
3045,O721
3046,0UT20ZZ
3047,83803
3048,F29
3049,3E03329
3050,0TQB0ZZ
3051,0UB98ZZ
3052,V1551
3053,49300
3054,51889
3055,N200
3056,61610
3057,03HY33Z
3058,Z6740
3059,0UQMXZZ
3060,0GT34ZZ
3061,G911
3062,7470
3063,M19111
3064,L219
3065,3E0333Z
3066,O3429
3067,M129
3068,V0251
3069,83103
3070,0TBB8ZZ
3071,O902
3072,M2242
3073,9390
3074,O9852
3075,O00102
3076,O721
3077,Z91038
3078,J342
3079,8891
3080,4051
3081,J988
3082,P0739
3083,9921
3084,E6601
3085,10907ZC
3086,V252
3087,N611
3088,Z171
3089,F05
3090,V0251
3091,64933
3092,Z880
3093,N261
3094,V140
3095,R6521
3096,79029
3097,4A10X4Z
3098,O9089
3099,O480
3100,I259
3101,M50322
3102,S060X0A
3103,D66
3104,R1310
3105,Z6740
3106,I5082
3107,R001
3108,0UB98ZZ
3109,O9952
3110,7784
3111,I499
3112,71536
3113,O3413
3114,O2623
3115,O480
3116,Z96641
3117,78343
3118,9390
3119,O09523
3120,BQ07ZZZ
3121,P599
3122,N1832
3123,R55
3124,8872
3125,M47896
3126,Z9221
3127,5794
3128,O721
3129,V440
3130,2859
3131,0T9380Z
3132,N400
3133,Z603
3134,M6208
3135,O3413
3136,0DQR0ZZ
3137,7676
3138,85006
3139,0UL70ZZ
3140,2809
3141,Q774
3142,BW03ZZZ
3143,O9902
3144,O9902
3145,Z1624
3146,84410
3147,J449
3148,3869
3149,J040
3150,K7460
3151,6529
3152,B9561
3153,E8781
3154,O24429
3155,G4730
3156,2752
3157,M4185
3158,0HQ9XZZ
3159,Z6740
3160,51889
3161,28800
3162,0VT04ZZ
3163,10A07ZX
3164,BW4GZZZ
3165,80772
3166,10903ZU
3167,30233N1
3168,O30033
3169,0499
3170,O6003
3171,7824
3172,6822
3173,0UT74ZZ
3174,L209
3175,N921
3176,3198
3177,O99284
3178,0HTU0ZZ
3179,O631
3180,BW2010Z
3181,80001
3182,K5190
3183,O9962
3184,D1803
3185,K2950
3186,G43909
3187,R42
3188,L930
3189,6961
3190,7580
3191,O99284
3192,0HBT0ZZ
3193,5349
3194,3E0F7SF
3195,D3502
3196,O730
3197,0UT04ZZ
3198,80103
3199,3E033NZ
3200,Z9049
3201,C50912
3202,J310
3203,C541
3204,0WQFXZZ
3205,O351XX0
3206,R197
3207,G7111
3208,65611
3209,BW24ZZZ
3210,O9912
3211,07TC4ZZ
3212,N7093
3213,O730
3214,Z302
3215,I420
3216,O700
3217,N184
3218,3E03329
3219,N200
3220,O99214
3221,0UT20ZZ
3222,Q631
3223,65223
3224,Z8701
3225,C50911
3226,R471
3227,282
3228,O99344
3229,51919
3230,N870
3231,L570
3232,D638
3233,O9962
3234,0UT24ZZ
3235,K5090
3236,M2011
3237,O6989X0
3238,E282
3239,D252
3240,59010
3241,V4577
3242,47874
3243,O9912
3244,O99284
3245,G43909
3246,BW03ZZZ
3247,BW24Y0Z
3248,R109
3249,8879
3250,O9962
3251,5379
3252,1820
3253,6141
3254,V1251
3255,O9852
3256,20400
3257,53081
3258,C50911
3259,64671
3260,S27322A
3261,O99344
3262,3829
3263,R339
3264,I4891
3265,R197
3266,V1254
3267,9921
3268,88100
3269,G20
3270,O9912
3271,3E033GC
3272,BT4JZZZ
3273,9929
3274,Z6828
3275,J310
3276,P704
3277,N200
3278,O6989X0
3279,Z888
3280,N83291
3281,N200
3282,G43109
3283,O99214
3284,N6009
3285,9921
3286,84413
3287,10D00Z1
3288,M810
3289,N739
3290,10E0XZZ
3291,K5730
3292,Z20822
3293,O621
3294,81203
3295,H905
3296,F4320
3297,K5900
3298,7422
3299,D682
3300,O9972
3301,F5000
3302,0DJD8ZZ
3303,B020ZZZ
3304,N032
3305,84803
3306,Z8673
3307,0HBT0ZX
3308,65843
3309,I340
3310,V1272
3311,Z886
3312,2189
3313,BW03ZZZ
3314,F419
3315,K449
3316,1905
3317,F840
3318,BW24ZZZ
3319,0UT20ZZ
3320,Z3A35
3321,Z8572
3322,T82858A
3323,0UBC8ZX
3324,J9811
3325,2395
3326,V0251
3327,2113
3328,I872
3329,64893
3330,N801
3331,4051
3332,O660
3333,49121
3334,9921
3335,Z881
3336,3482
3337,N281
3338,O99284
3339,10D17ZZ
3340,BW4GZZZ
3341,85006
3342,K900
3343,O26833
3344,10907ZC
3345,D869
3346,5123
3347,311
3348,C787
3349,N200
3350,S42412A
3351,H6690
3352,K7689
3353,BR07ZZZ
3354,0HTU0ZZ
3355,64403
3356,Z6720
3357,Z6740
3358,C50911
3359,L508
3360,Z955
3361,B373
3362,75251
3363,N281
3364,3E0333Z
3365,0UQGXZZ
3366,80103
3367,0413
3368,V137
3369,M1611
3370,N028
3371,0UQMXZZ
3372,4525
3373,O334XX0
3374,Z390
3375,L209
3376,K660
3377,47400
3378,M5450
3379,49390
3380,683
3381,0TB04ZZ
3382,7784
3383,E113299
3384,81303
3385,Z4001
3386,53290
3387,O9902
3388,F1020
3389,R634
3390,Z3A34
3391,0YU50JZ
3392,O09523
3393,F502
3394,C541
3395,Z96652
3396,65941
3397,04149
3398,O9852
3399,V2651
3400,8596
3401,N390
3402,BW00ZZZ
3403,O730
3404,BW03ZZZ
3405,Z1509
3406,80703
3407,I481
3408,F502
3409,F17210
3410,O9852
3411,B370
3412,B2790
3413,F418
3414,F329
3415,O9081
3416,O0943
3417,H409
3418,E049
3419,99893
3420,Q675
3421,O350XX0
3422,E669
3423,P251
3424,10D00Z1
3425,I8510
3426,K317
3427,3129
3428,Z950
3429,64901
3430,Z332
3431,10D17Z9
3432,J479
3433,0UT24ZZ
3434,E109
3435,O26893
3436,E663
3437,E849
3438,O99284
3439,K5730
3440,O714
3441,0T9780Z
3442,L409
3443,H409
3444,0UTM0ZZ
3445,0UT94ZZ
3446,O9902
3447,V137
3448,I509
3449,0UT24ZZ
3450,O9942
3451,J9809
3452,O622
3453,V5042
3454,0HQ9XZZ
3455,Z9221
3456,3E033NZ
3457,5A1935Z
3458,K5221
3459,V1508
3460,3E033VJ
3461,0HQ9XZZ
3462,O730
3463,I422
3464,I440
3465,Z87891
3466,Z6711
3467,4280
3468,2639
3469,0TTB4ZZ
3470,I129
3471,N870
3472,82710
3473,R079
3474,6841
3475,Q282
3476,0UT50ZZ
3477,K900
3478,Z8672
3479,0VTTXZZ
3480,N049
3481,0UB98ZZ
3482,R001
3483,59010
3484,Z371
3485,65941
3486,V1506
3487,M5127
3488,O328XX2
3489,9921
3490,I712
3491,6841
3492,D271
3493,0UTC0ZZ
3494,C50912
3495,M8580
3496,O714
3497,53020
3498,5300
3499,4051
3500,311
3501,R55
3502,Z7901
3503,K2940
3504,Z96642
3505,47822
3506,0HRT0JZ
3507,2531
3508,10T24ZZ
3509,3E0F7SF
3510,65633
3511,1550
3512,9618
3513,28959
3514,O9912
3515,7226
3516,Z91048
3517,C50911
3518,3E033VJ
3519,6171
3520,1977
3521,K130
3522,5749
3523,O9962
3524,R109
3525,BW3GZZZ
3526,0T9330Z
3527,Z6740
3528,O4292
3529,25000
3530,M5126
3531,R102
3532,8596
3533,BW20ZZZ
3534,193
3535,Z6740
3536,N028
3537,Y92410
3538,H3530
3539,R42
3540,10D17Z9
3541,3E03329
3542,2762
3543,O9912
3544,65681
3545,B9561
3546,Z9221
3547,G43909
3548,K5700
3549,X58XXXD
3550,O925
3551,5680
3552,O358XX0
3553,E6609
3554,70901
3555,0WQNXZZ
3556,E8499
3557,O30033
3558,0UB98ZZ
3559,O9089
3560,2662
3561,07054
3562,BD16ZZZ
3563,O730
3564,D1803
3565,I872
3566,E915
3567,65811
3568,56210
3569,O621
3570,O24429
3571,75234
3572,5523
3573,D259
3574,G43909
3575,F1021
3576,Z6710
3577,O99284
3578,64241
3579,I200
3580,H9193
3581,04149
3582,E282
3583,F418
3584,3829
3585,O26893
3586,C50911
3587,K838
3588,R509
3589,R197
3590,A925
3591,N200
3592,O6981X0
3593,9907
3594,L409
3595,0UT74ZZ
3596,Z886
3597,78760
3598,K5190
3599,F329
3600,Z6740
3601,J9809
3602,K259
3603,25514
3604,E663
3605,N201
3606,0JBH0ZZ
3607,BW40ZZZ
3608,4525
3609,I509
3610,07T50ZZ
3611,F418
3612,O322XX0
3613,B9689
3614,C61
3615,I208
3616,R740
3617,N884
3618,T8522XA
3619,O99284
3620,O99284
3621,Z794
3622,57140
3623,5123
3624,8774
3625,D62
3626,K743
3627,0UT60ZZ
3628,K660
3629,R633
3630,75322
3631,K91840
3632,V1041
3633,32723
3634,BY49ZZZ
3635,V140
3636,R011
3637,7503
3638,5225
3639,Z6710
3640,K3580
3641,C7800
3642,O9942
3643,O631
3644,I493
3645,O9952
3646,Z228
3647,J439
3648,0HTU0ZZ
3649,V593
3650,V4364
3651,Z3A40
3652,Z7901
3653,P0718
3654,N3289
3655,BH4CZZZ
3656,81400
3657,K219
3658,V146
3659,N981
3660,4011
3661,Z9049
3662,0UT70ZZ
3663,R740
3664,O9912
3665,9921
3666,R55
3667,Q613
3668,F1010
3669,F429
3670,Z881
3671,Z228
3672,K2980
3673,Z6838
3674,Z6710
3675,0RRJ00Z
3676,W214
3677,O30033
3678,N23
3679,O660
3680,E739
3681,O3413
3682,N83511
3683,O9962
3684,Z6740
3685,K7581
3686,I8390
3687,B955
3688,2182
3689,10T24ZZ
3690,8521
3691,O9852
3692,D631
3693,80903
3694,E1122
3695,Z6710
3696,0DQR0ZZ
3697,K5730
3698,M545
3699,65611
3700,H4420
3701,O9872
3702,O9952
3703,3E023GC
3704,0UT90ZZ
3705,D696
3706,Z5331
3707,1830
3708,V1508
3709,O770
3710,S82401A
3711,Z6720
3712,O9962
3713,0RQG4ZZ
3714,Z6740
3715,99503
3716,L732
3717,07T60ZZ
3718,G40109
3719,0HTT0ZZ
3720,3079
3721,7243
3722,4A0B78Z
3723,25080
3724,Z6740
3725,D1803
3726,5349
3727,A419
3728,4589
3729,BY4FZZZ
3730,099500Z
3731,65941
3732,0UT50ZZ
3733,B341
3734,H5200
3735,Z3A09
3736,64901
3737,M797
3738,0DJD8ZZ
3739,3E0337Z
3740,65423
3741,099T4ZZ
3742,Z87891
3743,Z3A40
3744,O99284
3745,J209
3746,Z91048
3747,K209
3748,L0592
3749,G43109
3750,K7689
3751,N993
3752,Z6710
3753,2639
3754,I129
3755,R634
3756,O99214
3757,0KBF0ZZ
3758,0JH60XZ
3759,0DQR0ZZ
3760,Q897
3761,R109
3762,O621
3763,E870
3764,64883
3765,E221
3766,M7742
3767,V4577
3768,W19XXXA
3769,Z21
3770,Z8781
3771,K449
3772,G4733
3773,04149
3774,O320XX0
3775,R41843
3776,8878
3777,5794
3778,I493
3779,B020ZZZ
3780,Z843
3781,7856
3782,99859
3783,78830
3784,I780
3785,0UT20ZZ
3786,E039
3787,O721
3788,I129
3789,99623
3790,751
3791,N1330
3792,3E0F7GC
3793,K5520
3794,E7800
3795,78830
3796,4439
3797,87200
3798,0UH98HZ
3799,O99284
3800,I340
3801,49122
3802,0WUF0JZ
3803,O4413
3804,E875
3805,Z905
3806,I480
3807,Z6711
3808,0TT14ZZ
3809,O3693X0
3810,B246ZZZ
3811,E9358
3812,O99284
3813,O9852
3814,H6690
3815,K861
3816,10D07Z8
3817,10D17Z9
3818,66221
3819,Z8673
3820,H35039
3821,O99284
3822,Z6710
3823,N841
3824,10A07ZX
3825,Z87891
3826,R34
3827,Z886
3828,K900
3829,6149
3830,2330
3831,0HTU0ZZ
3832,7051
3833,I120
3834,K2950
3835,O30033
3836,Z9081
3837,Z6710
3838,0UB98ZZ
3839,V146
3840,O99214
3841,K2270
3842,L03115
3843,0JQC0ZZ
3844,R7881
3845,BY4CZZZ
3846,E559
3847,Z96642
3848,0389
3849,65103
3850,J45909
3851,B030ZZZ
3852,F17210
3853,R109
3854,0HQ9XZZ
3855,M940
3856,3E033GC
3857,3E033GC
3858,F329
3859,J342
3860,0HBT0ZZ
3861,8521
3862,BW20ZZZ
3863,7384
3864,E46
3865,Z8546
3866,5990
3867,B182
3868,O4292
3869,P2889
3870,E039
3871,Y831
3872,Z882
3873,Z8639
3874,O3413
3875,Z930
3876,65233
3877,Z602
3878,M48061
3879,Z905
3880,5849
3881,D270
3882,7359
3883,G5600
3884,O9972
3885,BW24ZZZ
3886,2Y41X5Z
3887,O9903
3888,1820
3889,V462
3890,0UH98HZ
3891,64661
3892,E039
3893,J440
3894,0HX0XZZ
3895,P034
3896,29040
3897,3004
3898,099600Z
3899,9914
3900,D1803
3901,M87051
3902,Z332
3903,O9972
3904,3004
3905,34690
3906,G40209
3907,Z9049
3908,I872
3909,1120
3910,N801
3911,J159
3912,N814
3913,6561
3914,D509
3915,N186
3916,E785
3917,Z3A40
3918,0392
3919,E041
3920,0TBB8ZX
3921,2468
3922,Z6710
3923,K589
3924,05HY33Z
3925,0UB98ZZ
3926,5180
3927,0JQC0ZZ
3928,H1045
3929,O3421
3930,Z9081
3931,0UQF7ZZ
3932,E739
3933,R1031
3934,32723
3935,T39315A
3936,C678
3937,O99334
3938,O76
3939,65101
3940,Z6740
3941,4438
3942,O99343
3943,62212
3944,Z882
3945,O6989X0
3946,O694XX0
3947,Z91038
3948,3079
3949,0UT90ZZ
3950,10907ZC
3951,C539
3952,C50912
3953,Z6721
3954,0UDB7ZZ
3955,3E0K805
3956,0KQM0ZZ
3957,G43909
3958,V1261
3959,N319
3960,O770
3961,65943
3962,B9689
3963,0413
3964,R454
3965,N838
3966,BW21ZZZ
3967,J988
3968,8895
3969,O9081
3970,O2412
3971,O9902
3972,9921
3973,O9962
3974,O1494
3975,8879
3976,BW00ZZZ
3977,O034
3978,N8311
3979,M9110
3980,I422
3981,Z880
3982,6191
3983,5589
3984,E785
3985,R161
3986,O358XX0
3987,BW40ZZZ
3988,V140
3989,O364XX0
3990,4A1HXCZ
3991,O925
3992,Z886
3993,J988
3994,F1021
3995,D270
3996,3E0233Z
3997,J45909
3998,9607
3999,Z3A25
4000,O99354
4001,N3281
4002,O9972
4003,O99333
4004,Z6710
4005,O00101
4006,M50222
4007,1985
4008,V252
4009,D259
4010,O34219
4011,F418
4012,4051
4013,M23611
4014,3897
4015,L4050
4016,O99333
4017,5523
4018,5859
4019,7243
4020,4719
4021,D509
4022,O864
4023,82110
4024,85503
4025,72751
4026,O351XX0
4027,Z8616
4028,90100
4029,0UT74ZZ
4030,D251
4031,N870
4032,Z9079
4033,1970
4034,E119
4035,0HTV0ZZ
4036,C641
4037,O701
4038,O9972
4039,9839
4040,59010
4041,80703
4042,0UT20ZZ
4043,Z6740
4044,K5900
4045,R791
4046,BT10ZZZ
4047,G40909
4048,M48061
4049,Z6740
4050,Z3A35
4051,0SB20ZZ
4052,E8788
4053,Z6740
4054,61610
4055,Z3A40
4056,2754
4057,O23593
4058,Z6741
4059,O9902
4060,D6861
4061,M1289
4062,O9852
4063,G43009
4064,0RQG4ZZ
4065,1966
4066,J9600
4067,4051
4068,E669
4069,08RJ3JZ
4070,Z87891
4071,5589
4072,G4733
4073,O3663X0
4074,K8689
4075,07BC0ZX
4076,53081
4077,6918
4078,M109
4079,Z880
4080,I493
4081,K630
4082,4610
4083,91200
4084,G20
4085,2449
4086,G9349
4087,10S07ZZ
4088,O09213
4089,I129
4090,E872
4091,91200
4092,BW20ZZZ
4093,V0251
4094,C880
4095,E039
4096,Z6710
4097,M2012
4098,9921
4099,O9912
4100,Z3A40
4101,59010
4102,O134
4103,R55
4104,D259
4105,Z6710
4106,Z7901
4107,O334XX0
4108,B373
4109,N529
4110,V141
4111,O99284
4112,2182
4113,BR09ZZZ
4114,O99334
4115,V442
4116,1809
4117,N751
4118,0UT10ZZ
4119,K7689
4120,N189
4121,J343
4122,0UL70ZZ
4123,4169
4124,99591
4125,O99284
4126,R509
4127,3893
4128,Z9079
4129,O00101
4130,M1990
4131,F1020
4132,E8352
4133,G042
4134,0SB20ZZ
4135,C7802
4136,I259
4137,N7093
4138,V9103
4139,500
4140,N23
4141,9921
4142,E282
4143,O99284
4144,Z6710
4145,O721
4146,5198
4147,0UB98ZZ
4148,E785
4149,56210
4150,E282
4151,3E0436Z
4152,3E03329
4153,Z944
4154,07054
4155,C259
4156,Z8661
4157,47411
4158,C541
4159,I447
4160,Z9221
4161,10D17Z9
4162,Z6838
4163,K30
4164,O9832
4165,Z3A40
4166,Z886
4167,10907ZC
4168,Z3A17
4169,2182
4170,V146
4171,8891
4172,F17210
4173,Z884
4174,30022
4175,Q753
4176,Z886
4177,4019
4178,V426
4179,G44209
4180,G43009
4181,D569
4182,I739
4183,8607
4184,O700
4185,J95830
4186,F609
4187,X58XXXS
4188,0TCB8ZZ
4189,0UT74ZZ
4190,4011
4191,O7022
4192,G40909
4193,C50911
4194,0HBT0ZZ
4195,G43909
4196,3E0H7GC
4197,4011
4198,Z8551
4199,D649
4200,Q753
4201,O730
4202,A630
4203,O925
4204,B372
4205,O30043
4206,2662
4207,F17210
4208,Z3A10
4209,O99284
4210,V1229
4211,0UT24ZZ
4212,P221
4213,D682
4214,Z886
4215,N390
4216,5A1D70Z
4217,G44209
4218,3E03329
4219,N801
4220,E849
4221,9929
4222,I509
4223,J210
4224,42760
4225,I129
4226,5533
4227,0UT70ZZ
4228,O631
4229,7051
4230,6902
4231,M8580
4232,V1582
4233,0T9330Z
4234,B341
4235,F418
4236,3E0F7GC
4237,I110
4238,2564
4239,8879
4240,N10
4241,C773
4242,Y929
4243,Z20822
4244,Z9882
4245,Z6711
4246,C774
4247,Z6710
4248,Z886
4249,F419
4250,Z3A40
4251,8541
4252,Z794
4253,4263
4254,R21
4255,Z8616
4256,N841
4257,O99284
4258,4A02X4Z
4259,I471
4260,E860
4261,08RK3JZ
4262,A080
4263,83803
4264,4051
4265,O99284
4266,F418
4267,5680
4268,O622
4269,9330
4270,D691
4271,N400
4272,1749
4273,D696
4274,Z3A23
4275,10D17ZZ
4276,4051
4277,Z886
4278,51884
4279,9394
4280,M419
4281,1611
4282,5198
4283,O99314
4284,BY4GZZZ
4285,85202
4286,T8140XA
4287,27651
4288,0HHU0NZ
4289,1963
4290,Z7901
4291,0HQ9XZZ
4292,42731
4293,BW03ZZZ
4294,3501
4295,I120
4296,Z90710
4297,E282
4298,E872
4299,V9103
4300,9921
4301,78830
4302,G5603
4303,24290
4304,O9832
4305,27702
4306,K5900
4307,E6601
4308,85503
4309,O9962
4310,38420
4311,0DB18ZX
4312,25002
4313,1629
4314,I4892
4315,N83201
4316,J101
4317,Z7902
4318,Z96653
4319,Y831
4320,I509
4321,1820
4322,O99284
4323,Z6740
4324,99813
4325,04111
4326,V440
4327,51889
4328,I480
4329,I509
4330,O9902
4331,D351
4332,0T9380Z
4333,55321
4334,6184
4335,9918
4336,Z886
4337,Z228
4338,Z906
4339,N950
4340,R509
4341,65971
4342,0DTJ4ZZ
4343,O34219
4344,O3663X0
4345,0VB08ZZ
4346,78842
4347,K649
4348,3E0F7SF
4349,5990
4350,R491
4351,80503
4352,Z3A40
4353,B9689
4354,I509
4355,B246ZZZ
4356,3E033VJ
4357,7840
4358,10D17Z9
4359,G43009
4360,Z3A40
4361,H52209
4362,E1122
4363,G40909
4364,G479
4365,Z3A21
4366,65101
4367,1820
4368,5713
4369,5130
4370,K900
4371,9911
4372,3E0333Z
4373,E211
4374,K589
4375,C562
4376,0UTC0ZZ
4377,G35
4378,Z96641
4379,Z6838
4380,Q210
4381,K1379
4382,K921
4383,O480
4384,Y831
4385,Z91038
4386,BW40ZZZ
4387,Z6741
4388,C541
4389,0UT97ZZ
4390,I8510
4391,3E0330M
4392,8872
4393,0D9670Z
4394,30501
4395,Z6740
4396,7350
4397,N751
4398,R1013
4399,78630
4400,40390
4401,O730
4402,28802
4403,F1490
4404,0UBC8ZX
4405,R1032
4406,Z6710
4407,Z5331
4408,O368930
4409,0VT04ZZ
4410,3E033VJ
4411,0UJD7ZZ
4412,Z886
4413,P0716
4414,Z86010
4415,Z6740
4416,O714
4417,R000
4418,BB4BZZZ
4419,O702
4420,0UT74ZZ
4421,N83209
4422,B246ZZZ
4423,7503
4424,O770
4425,Z3A23
4426,T18198A
4427,BT4JZZZ
4428,K439
4429,O701
4430,Z30432
4431,Z3A31
4432,K900
4433,P251
4434,F1021
4435,0UT24ZZ
4436,Z3A40
4437,F4323
4438,64891
4439,V4581
4440,N801
4441,412
4442,3079
4443,Z9081
4444,L508
4445,V4365
4446,0UQMXZZ
4447,G43909
4448,O99284
4449,O34219
4450,O480
4451,30233R1
4452,E162
4453,Z9221
4454,E063
4455,K4090
4456,E039
4457,E11649
4458,BW40ZZZ
4459,G40909
4460,0DBW0ZZ
4461,7242
4462,1889
4463,R188
4464,0UTC0ZZ
4465,Z3A23
4466,0VT04ZZ
4467,Z3A23
4468,O746
4469,K7460
4470,K922
4471,Z8616
4472,29690
4473,I420
4474,O34219
4475,Z86718
4476,8684
4477,2270
4478,9921
4479,BQ07ZZZ
4480,2762
4481,F1020
4482,V462
4483,R197
4484,G43009
4485,28243
4486,BW40ZZZ
4487,N281
4488,J42
4489,F1021
4490,E8781
4491,D6859
4492,N032
4493,F329
4494,B9689
4495,1748
4496,L930
4497,I169
4498,Z803
4499,BT4JZZZ
4500,J479
4501,0JBH0ZZ
4502,V1279
4503,B181
4504,4131
4505,N189
4506,Z6740
4507,8878
4508,O9912
4509,Z881
4510,8E0W4CZ
4511,F0280
4512,81400
4513,N210
4514,78833
4515,T8140XA
4516,0HTU0ZZ
4517,0HBT0ZZ
4518,E8770
4519,59010
4520,7245
4521,R7881
4522,M329
4523,Z886
4524,O43123
4525,0796
4526,E079
4527,E282
4528,3E0234Z
4529,G8191
4530,0UQMXZZ
4531,O700
4532,C50911
4533,3E0F7GC
4534,R42
4535,65701
4536,0UT70ZZ
4537,Z3A41
4538,N1330
4539,71536
4540,K4020
4541,G43909
4542,470
4543,Z886
4544,O99332
4545,4052
4546,3E033VJ
4547,5A2204Z
4548,O00102
4549,I129
4550,O99284
4551,B341
4552,L0592
4553,0HBT0ZZ
4554,5533
4555,0TJ98ZZ
4556,O99344
4557,Z91048
4558,Z6740
4559,1748
4560,R590
4561,O24429
4562,S7221XA
4563,N871
4564,V1551
4565,2531
4566,O746
4567,D259
4568,09BV8ZZ
4569,E890
4570,66071
4571,9929
4572,Z6710
4573,0389
4574,D259
4575,J204
4576,J210
4577,F1010
4578,4131
4579,BT4JZZZ
4580,J209
4581,F419
4582,Z9221
4583,0UT70ZZ
4584,K439
4585,4262
4586,65423
4587,64621
4588,Z955
4589,O99284
4590,9904
4591,475
4592,3E033VJ
4593,O700
4594,O99214
4595,F1210
4596,Z6711
4597,BU4CZZZ
4598,Z1610
4599,O30033
4600,0HRT0JZ
4601,O3403
4602,O30043
4603,J449
4604,Z843
4605,Z593
4606,O99283
4607,P221
4608,R42
4609,BW20ZZZ
4610,C787
4611,H905
4612,O360130
4613,O1494
4614,L409
4615,O480
4616,S72101A
4617,2900
4618,10D17ZZ
4619,Z8661
4620,Z87440
4621,9917
4622,40390
4623,07TP4ZZ
4624,Z96659
4625,O9902
4626,0TT14ZZ
4627,F329
4628,O1414
4629,64241
4630,6529
4631,20501
4632,2777
4633,O9842
4634,6226
4635,0D168Z4
4636,C50912
4637,I352
4638,28860
4639,2721
4640,Z2089
4641,F1210
4642,34830
4643,34931
4644,0HTT0ZZ
4645,0T9430Z
4646,4A023N6
4647,O2203
4648,53550
4649,Z1509
4650,N189
4651,O9852
4652,61172
4653,Z880
4654,7483
4655,K831
4656,K219
4657,0UBMXZZ
4658,3E03329
4659,71509
4660,E210
4661,E8798
4662,3E0337Z
4663,Z9882
4664,R2681
4665,V146
4666,64891
4667,0UT50ZZ
4668,F1020
4669,Z955
4670,47874
4671,7077
4672,9921
4673,I509
4674,1749
4675,V1229
4676,75315
4677,5756
4678,0UT24ZZ
4679,Z902
4680,V1242
4681,47412
4682,Z6710
4683,P614
4684,0D168Z4
4685,S065X0A
4686,Z87440
4687,N179
4688,Z96651
4689,D631
4690,M47816
4691,Z6710
4692,0UT20ZZ
4693,V629
4694,K760
4695,BH4BZZZ
4696,F17210
4697,I119
4698,Z936
4699,9923
4700,R2689
4701,D691
4702,Z6740
4703,6821
4704,3E0337Z
4705,O9912
4706,3E0337Z
4707,Q431
4708,G441
4709,B020ZZZ
4710,0UHG7GZ
4711,K529
4712,486
4713,0HTU0ZZ
4714,O76
4715,5225
4716,E611
4717,O99284
4718,O925
4719,6822
4720,J329
4721,M069
4722,S72102A
4723,45981
4724,E9358
4725,O99344
4726,R339
4727,78039
4728,4928
4729,O480
4730,0T9780Z
4731,M19042
4732,04189
4733,F0280
4734,N950
4735,M519
4736,M810
4737,0T9380Z
4738,I493
4739,P393
4740,1121
4741,5119
4742,Z3A39
4743,Q625
4744,4514
4745,E7800
4746,9394
4747,7061
4748,Z8781
4749,O99284
4750,0UT60ZZ
4751,F4320
4752,K900
4753,2721
4754,Z880
4755,4275
4756,K831
4757,P030
4758,M419
4759,0UB98ZZ
4760,B246ZZ4
4761,9921
4762,Z87828
4763,F840
4764,K7689
4765,D509
4766,Z89021
4767,64421
4768,Z3A41
4769,64891
4770,0UT90ZZ
4771,V140
4772,7907
4773,3E0R3BZ
4774,O99284
4775,R001
4776,4051
4777,85003
4778,L74512
4779,D509
4780,0UB04ZZ
4781,Z886
4782,98233
4783,J45909
4784,C50911
4785,4053
4786,55321
4787,D259
4788,Z6740
4789,Z7901
4790,R21
4791,C9110
4792,9918
4793,0SRC0J9
4794,0YU50JZ
4795,0330
4796,O76
4797,O334XX0
4798,Q8500
4799,N132
4800,BY4FZZZ
4801,F418
4802,O334XX0
4803,B9620
4804,Z8611
4805,0UT97ZZ
4806,O322XX0
4807,D509
4808,30183
4809,R000
4810,3E0233Z
4811,B348
4812,64903
4813,K5190
4814,3004
4815,95300
4816,N390
4817,O334XX0
4818,29532
4819,0TJ98ZZ
4820,O3421
4821,8879
4822,Z6740
4823,E8798
4824,M797
4825,Z370
4826,2270
4827,0SBD4ZZ
4828,D251
4829,O624
4830,78830
4831,0UT04ZZ
4832,2564
4833,R600
4834,V4571
4835,Q8501
4836,BW24Y0Z
4837,E269
4838,8876
4839,E6601
4840,BW40ZZZ
4841,0TJB8ZZ
4842,R5082
4843,85003
4844,P0716
4845,O4202
4846,R0789
4847,9390
4848,E8499
4849,D66
4850,H6692
4851,4A13XR1
4852,O322XX0
4853,P701
4854,I700
4855,F0280
4856,3510
4857,O34219
4858,M159
4859,Z8781
4860,0UB90ZZ
4861,Z6740
4862,O9942
4863,0UT64ZZ
4864,5680
4865,0UT70ZZ
4866,Z20822
4867,I2510
4868,Z3A41
4869,O23592
4870,34290
4871,63310
4872,4589
4873,I080
4874,0D168Z4
4875,O351XX0
4876,O0943
4877,G43909
4878,C642
4879,T24212A
4880,F418
4881,7569
4882,0UB94ZZ
4883,O9952
4884,42731
4885,I493
4886,V8801
4887,0TF78ZZ
4888,0W8NXZZ
4889,2449
4890,Z6720
4891,E119
4892,G43909
4893,O9972
4894,0UQGXZZ
4895,3004
4896,7840
4897,60020
4898,0JB70ZZ
4899,88600
4900,0VB08ZZ
4901,591
4902,Z90710
4903,BW03ZZZ
4904,Z3A40
4905,Z886
4906,07T60ZZ
4907,8878
4908,G0489
4909,F640
4910,3E033VJ
4911,10D00Z1
4912,85002
4913,3383
4914,78830
4915,O3693X0
4916,5718
4917,I4891
4918,4710
4919,V1506
4920,80001
4921,C541
4922,5123
4923,C50911
4924,K9189
4925,0TJ98ZZ
4926,8875
4927,K921
4928,P034
4929,9921
4930,E119
4931,Z923
4932,64403
4933,N028
4934,G5603
4935,6175
4936,2720
4937,Z228
4938,5859
4939,A925
4940,O631
4941,Z91038
4942,B3732
4943,V163
4944,O700
4945,N611
4946,30000
4947,H3530
4948,Z6741
4949,O730
4950,Z87891
4951,G309
4952,4053
4953,D696
4954,O7182
4955,V8801
4956,O334XX0
4957,4051
4958,E041
4959,D259
4960,I2720
4961,V4364
4962,L409
4963,K838
4964,C541
4965,Z20822
4966,0UT64ZZ
4967,0HTU0ZZ
4968,K5730
4969,D259
4970,D61818
4971,K900
4972,49121
4973,P228
4974,Z21
4975,64843
4976,O679
4977,I499
4978,D721
4979,664
4980,J351
4981,10D07Z3
4982,N938
4983,0HTT0ZZ
4984,56400
4985,K660
4986,K589
4987,30022
4988,C539
4989,3E0H7GC
4990,0KQM0ZZ
4991,O9832
4992,2859
4993,Z634
4994,N210
4995,B961
4996,V5811
4997,F1020
4998,E109
4999,64193
5000,Z3A37
5001,Z6839
5002,Z3A40
5003,71509
5004,0UT60ZZ
5005,O9852
5006,64901
5007,65101
5008,4051
5009,G5762
5010,E663
5011,Z888
5012,D509
5013,N83201
5014,BW00ZZZ
5015,0UTC0ZZ
5016,M1712
5017,K900
5018,M7742
5019,6200
5020,E041
5021,1742
5022,R339
5023,N179
5024,Z902
5025,N049
5026,27900
5027,T07XXXA
5028,5533
5029,Z91048
5030,4281
5031,1940
5032,O99354
5033,10S07ZZ
5034,V9103
5035,N938
5036,Z3A40
5037,Z886
5038,F329
5039,1742
5040,H9319
5041,E669
5042,0UB94ZZ
5043,R509
5044,0T9330Z
5045,Z880
5046,O351XX0
5047,3E03329
5048,P220
5049,08RJ3JZ
5050,Z886
5051,N921
5052,H269
5053,O322XX0
5054,10A03ZZ
5055,O4403
5056,N979
5057,O693XX0
5058,M4712
5059,F809
5060,O99284
5061,4011
5062,Z880
5063,R079
5064,2859
5065,E8809
5066,K2950
5067,Z6740
5068,T23201A
5069,282
5070,D271
5071,O99282
5072,N72
5073,E039
5074,I129
5075,0DJ68ZZ
5076,2270
5077,I509
5078,0HBV0ZZ
5079,0UT60ZZ
5080,0TBB8ZZ
5081,J309
5082,Z6740
5083,O9912
5084,K610
5085,BW40ZZZ
5086,J45909
5087,5749
5088,BU4CZZZ
5089,O99284
5090,598
5091,Z87440
5092,Q8500
5093,O621
5094,78791
5095,I871
5096,9923
5097,Q638
5098,1977
5099,Z6731
5100,O9089
5101,Z6720
5102,B32T1ZZ
5103,Z906
5104,B24DZZZ
5105,C786
5106,0W9B3ZZ
5107,O752
5108,P0718
5109,O9952
5110,Q250
5111,Z170
5112,0DTJ4ZZ
5113,Z9049
5114,O9962
5115,H4420
5116,45341
5117,Z940
5118,25081
5119,J432
5120,28803
5121,O679
5122,O322XX0
5123,B3732
5124,5A09557
5125,BW24ZZZ
5126,8878
5127,Z6711
5128,I4821
5129,B040ZZZ
5130,E785
5131,M1289
5132,O9989
5133,M4185
5134,Z6740
5135,2772
5136,B54MZZZ
5137,64901
5138,Z5331
5139,Z853
5140,K589
5141,O3403
5142,R490
5143,M23611
5144,M5430
5145,3421
5146,Z8781
5147,Z6740
5148,Z87820
5149,5932
5150,65941
5151,G43909
5152,C50912
5153,N883
5154,O9912
5155,4011
5156,Z91038
5157,Z91048
5158,3E033VJ
5159,1121
5160,I700
5161,I509
5162,O700
5163,BW03ZZZ
5164,O99284
5165,K3580
5166,O700
5167,E7800
5168,F419
5169,D693
5170,1121
5171,Z880
5172,B348
5173,Q250
5174,0TTB4ZZ
5175,I509
5176,O480
5177,0BBN3ZX
5178,85003
5179,E282
5180,O665
5181,08RK3JZ
5182,Z930
5183,D259
5184,O99284
5185,49390
5186,3E033GC
5187,84410
5188,0UT64ZZ
5189,65423
5190,Z90710
5191,Z87442
5192,B9620
5193,F4320
5194,05HY33Z
5195,4438
5196,Z3A16
5197,Z9882
5198,V1251
5199,47400
5200,D259
5201,Z6730
5202,87343
5203,0UT20ZZ
5204,I81
5205,C50919
5206,O364XX0
5207,O34219
5208,J3801
5209,9922
5210,O9912
5211,F1020
5212,O701
5213,G2581
5214,220
5215,Z91012
5216,Z6741
5217,5853
5218,Z880
5219,F5000
5220,E039
5221,Z9049
5222,64891
5223,O4692
5224,E039
5225,3E033GC
5226,F419
5227,Z975
5228,I208
5229,0UT24ZZ
5230,O351XX0
5231,6816
5232,O99284
5233,3E033GC
5234,0TCB8ZZ
5235,V4577
5236,0DQR0ZZ
5237,V440
5238,0UT70ZZ
5239,M5450
5240,K623
5241,N281
5242,J449
5243,C50911
5244,Z8551
5245,2564
5246,R590
5247,I2720
5248,Z7984
5249,I259
5250,Z390
5251,80102
5252,M19041
5253,N766
5254,N200
5255,R159
5256,F319
5257,B977
5258,O99324
5259,G4730
5260,6541
5261,0DQR0ZZ
5262,S32501A
5263,3E033VJ
5264,5853
5265,3E0333Z
5266,BW40ZZZ
5267,B9620
5268,10A07ZX
5269,I351
5270,Z228
5271,30000
5272,O9962
5273,64894
5274,R634
5275,0UT04ZZ
5276,59010
5277,O328XX1
5278,R0681
5279,Z880
5280,25000
5281,Z3A40
5282,56400
5283,O9852
5284,Z6740
5285,5303
5286,J206
5287,85003
5288,E113299
5289,B181
5290,M797
5291,O34219
5292,95913
5293,BW40ZZZ
5294,23871
5295,J310
5296,Z6710
5297,5198
5298,0UL70ZZ
5299,81203
5300,B9562
5301,M810
5302,2767
5303,Q638
5304,Z9989
5305,O30043
5306,K766
5307,V1254
5308,O9912
5309,Z955
5310,V443
5311,Z91038
5312,D510
5313,K5090
5314,3E033VJ
5315,K269
5316,L209
5317,O703
5318,8871
5319,0UT04ZZ
5320,O99344
5321,D539
5322,E119
5323,Z3A39
5324,1890
5325,283
5326,R109
5327,A609
5328,O351XX0
5329,K3532
5330,V860
5331,6039
5332,47874
5333,20400
5334,Z6730
5335,N186
5336,D649
5337,H905
5338,Y9366
5339,I2720
5340,Z6710
5341,K766
5342,64403
5343,Z960
5344,0VB08ZZ
5345,O99284
5346,0TY00Z0
5347,V163
5348,R319
5349,B040ZZZ
5350,O692XX0
5351,B246ZZZ
5352,53020
5353,Q8740
5354,P393
5355,R571
5356,Z931
5357,Z8551
5358,Z3A23
5359,L52
5360,N83311
5361,R040
5362,0UT20ZZ
5363,O322XX0
5364,34690
5365,J45909
5366,64661
5367,4973
5368,5423
5369,5798
5370,I129
5371,M25569
5372,Z6740
5373,K259
5374,0H9T0ZZ
5375,O9852
5376,F419
5377,8521
5378,2754
5379,M47816
5380,4438
5381,T8613
5382,B030ZZZ
5383,Q7649
5384,I10
5385,40390
5386,E039
5387,9390
5388,I10
5389,N200
5390,O99284
5391,F17210
5392,Z6741
5393,I352
5394,Z6838
5395,N83511
5396,2753
5397,0TBB8ZZ
5398,O610
5399,O3413
5400,B020ZZZ
5401,K602
5402,3E03329
5403,R600
5404,V860
5405,R454
5406,O480
5407,3E033GC
5408,E6601
5409,J45909
5410,F418
5411,0UB94ZZ
5412,Z6741
5413,M2012
5414,I4891
5415,3E03329
5416,C9000
5417,30233N1
5418,BW40ZZZ
5419,O6981X0
5420,D1809
5421,D6859
5422,O3663X0
5423,O9902
5424,Z390
5425,Q796
5426,61610
5427,E278
5428,1820
5429,D690
5430,9904
5431,07T50ZZ
5432,BR3FZZZ
5433,Z87440
5434,D473
5435,32723
5436,M1711
5437,R509
5438,78703
5439,2713
5440,K900
5441,2330
5442,64891
5443,O24424
5444,Z20822
5445,4223
5446,0D9670Z
5447,N390
5448,65423
5449,O701
5450,0UT70ZZ
5451,I481
5452,5533
5453,D259
5454,Z940
5455,O714
5456,0VSB0ZZ
5457,0WUF0JZ
5458,P221
5459,80001
5460,D259
5461,V462
5462,H900
5463,H52209
5464,N920
5465,J210
5466,M4712
5467,9396
5468,0UL70ZZ
5469,O76
5470,Z96642
5471,M419
5472,Z880
5473,P9689
5474,N179
5475,4A1HXCZ
5476,R1114
5477,O30043
5478,BW24Y0Z
5479,V140
5480,65101
5481,C50912
5482,K709
5483,Z228
5484,725
5485,M5450
5486,F4323
5487,L720
5488,BW03ZZZ
5489,3E033GC
5490,Z9221
5491,0UT20ZZ
5492,N6009
5493,O00102
5494,O4292
5495,N83291
5496,O1404
5497,Z6740
5498,O99284
5499,K219
5500,65611
5501,BY4FZZZ
5502,G40909
5503,5523
5504,5491
5505,Z87440
5506,Z6710
5507,O3663X0
5508,3510
5509,Z87891
5510,N3281
5511,7907
5512,Z332
5513,99812
5514,O334XX0
5515,B9620
5516,O1494
5517,5412
5518,F1210
5519,96803
5520,9394
5521,I482
5522,64901
5523,O480
5524,Z6838
5525,5990
5526,99749
5527,E039
5528,O322XX0
5529,E7800
5530,E1142
5531,4023
5532,Z6730
5533,F17210
5534,D7289
5535,3004
5536,J206
5537,0UT90ZZ
5538,0HRHX74
5539,O328XX0
5540,O9852
5541,E039
5542,S72001A
5543,G5600
5544,B571
5545,H9319
5546,O9962
5547,53013
5548,O9852
5549,Z8719
5550,F509
5551,O99824
5552,Z6740
5553,4400
5554,Z21
5555,47824
5556,0USG0ZZ
5557,3E03329
5558,D1803
5559,28731
5560,J45909
5561,P704
5562,3E033GC
5563,5423
5564,84413
5565,0DQR0ZZ
5566,Z6740
5567,BW4GZZZ
5568,N801
5569,0UT97ZZ
5570,43811
5571,Q211
5572,Z6741
5573,D649
5574,0T9B7ZZ
5575,G43909
5576,Z9981
5577,BW40ZZZ
5578,Z6710
5579,N281
5580,K831
5581,2410
5582,F05
5583,0UH98HZ
5584,G309
5585,07054
5586,O99824
5587,R7881
5588,Q211
5589,R109
5590,Z87891
5591,K8689
5592,K922
5593,6902
5594,B909
5595,2851
5596,5080
5597,B182
5598,Z6720
5599,N83311
5600,E538
5601,H8113
5602,D250
5603,4673
5604,6841
5605,6171
5606,5109
5607,0881
5608,Z3A17
5609,E559
5610,G7000
5611,0SBC4ZZ
5612,I8390
5613,O365930
5614,O3413
5615,9394
5616,Z6838
5617,598
5618,4A02X4Z
5619,F1010
5620,N920
5621,K900
5622,BU4CZZZ
5623,O7022
5624,O99824
5625,C541
5626,O99284
5627,O7182
5628,0HBT0ZZ
5629,0SRC0J9
5630,640
5631,Y831
5632,4019
5633,P221
5634,E0590
5635,BW40ZZZ
5636,5789
5637,O034
5638,D271
5639,0MQS3ZZ
5640,O9972
5641,P228
5642,0UPD7DZ
5643,E8339
5644,4053
5645,B181
5646,I872
5647,N83202
5648,75315
5649,61610
5650,I440
5651,BW40ZZZ
5652,0UT20ZZ
5653,O99344
5654,N9410
5655,Z6828
5656,3E0336Z
5657,M1990
5658,O99284
5659,H81399
5660,04LE3ZT
5661,T43595S
5662,Z3A40
5663,G35
5664,F1021
5665,C787
5666,51911
5667,D259
5668,R42
5669,3E0R3BZ
5670,G4733
5671,Z880
5672,O721
5673,K589
5674,O752
5675,G031
5676,I259
5677,05HY33Z
5678,N993
5679,81403
5680,0UT50ZZ
5681,O702
5682,5718
5683,O99334
5684,J343
5685,C679
5686,Z905
5687,Z1501
5688,E559
5689,E663
5690,Z905
5691,Q675
5692,8543
5693,4A02X4Z
5694,V1251
5695,B952
5696,BW40ZZZ
5697,598
5698,40390
5699,4553
5700,0QB00ZZ
5701,L02411
5702,C50919
5703,V0251
5704,O99214
5705,0UB98ZZ
5706,90840
5707,Z302
5708,E0590
5709,3E03329
5710,D696
5711,O9902
5712,N390
5713,K77
5714,N393
5715,D259
5716,L720
5717,I509
5718,0UT64ZZ
5719,E282
5720,O364XX0
5721,0UT10ZZ
5722,0UT74ZZ
5723,O9989
5724,30233N1
5725,N184
5726,R2689
5727,I2720
5728,O334XX0
5729,N184
5730,O24424
5731,R9720
5732,V140
5733,B965
5734,55321
5735,C787
5736,Q2540
5737,4940
5738,E1122
5739,64881
5740,3E033VJ
5741,I728
5742,05HY33Z
5743,BT10ZZZ
5744,D250
5745,Z91038
5746,91200
5747,O3663X0
5748,3E033VJ
5749,64901
5750,8875
5751,3669
5752,S52202A
5753,64761
5754,V5811
5755,T82858A
5756,0HTU0ZZ
5757,Z6710
5758,J45909
5759,R519
5760,N319
5761,O9912
5762,C541
5763,4370
5764,N400
5765,BW4GZZZ
5766,0YU60JZ
5767,O925
5768,B54MZZZ
5769,64891
5770,O26833
5771,5070
5772,311
5773,8876
5774,N281
5775,2411
5776,O351XX0
5777,Z923
5778,O9852
5779,L219
5780,C541
5781,85003
5782,Z2089
5783,Z86718
5784,M4185
5785,H5501
5786,O134
5787,R42
5788,O351XX0
5789,O0943
5790,J95830
5791,O864
5792,Z87442
5793,7856
5794,0HBT0ZZ
5795,F17210
5796,S72102A
5797,K3580
5798,25001
5799,R21
5800,F4320
5801,3789
5802,0790
5803,O9942
5804,4A1HXCZ
5805,Q0703
5806,J479
5807,V146
5808,25040
5809,6822
5810,4019
5811,BW03ZZZ
5812,R42
5813,M5430
5814,F17210
5815,N4400
5816,O3429
5817,Z6839
5818,O34219
5819,R509
5820,99812
5821,55321
5822,0UT74ZZ
5823,28981
5824,I352
5825,V9103
5826,64813
5827,I6782
5828,Z3A23
5829,O9972
5830,07T50ZZ
5831,O24424
5832,10907ZC
5833,O76
5834,O700
5835,R634
5836,N323
5837,M069
5838,0TQB0ZZ
5839,Z853
5840,K589
5841,O1405
5842,D62
5843,R809
5844,O99214
5845,2724
5846,O76
5847,6201
5848,O99891
5849,R1312
5850,O322XX2
5851,B9620
5852,Z6740
5853,Q250
5854,N859
5855,F1021
5856,D352
5857,10A03ZZ
5858,486
5859,Z923
5860,Z87891
5861,0HBT0ZZ
5862,0QB00ZZ
5863,49121
5864,0DTJ4ZZ
5865,5790
5866,G9349
5867,O9989
5868,3E0436Z
5869,45981
5870,0DBW0ZZ
5871,2662
5872,2754
5873,0HQ9XZZ
5874,J310
5875,G43909
5876,E042
5877,3E03329
5878,Z8551
5879,O99314
5880,E890
5881,3E0P7VZ
5882,R509
5883,3E0G76Z
5884,3572
5885,V1508
5886,O700
5887,3E0333Z
5888,O9972
5889,N400
5890,D171
5891,Z880
5892,Z880
5893,P0715
5894,D171
5895,Z86011
5896,C7951
5897,5749
5898,O9902
5899,1940
5900,N400
5901,0UT74ZZ
5902,73313
5903,K529
5904,O9902
5905,72664
5906,O99284
5907,K5730
5908,O99284
5909,S065X0A
5910,0HTU0ZZ
5911,64813
5912,10D00Z1
5913,B977
5914,0KQM0ZZ
5915,6841
5916,O99214
5917,O714
5918,0UT97ZZ
5919,O99284
5920,N179
5921,O99284
5922,G43909
5923,Z96641
5924,I872
5925,0W9B30Z
5926,9921
5927,M545
5928,BQ0HZZZ
5929,G20
5930,O9912
5931,BT10ZZZ
5932,47833
5933,V550
5934,7245
5935,C50911
5936,O26873
5937,5491
5938,Z981
5939,S72451A
5940,3E0H7GC
5941,0UB90ZZ
5942,H4389
5943,L02211
5944,O76
5945,Z20822
5946,E1010
5947,Z6740
5948,Z436
5949,R34
5950,0UT50ZZ
5951,99592
5952,H53452
5953,I480
5954,E8786
5955,7013
5956,K317
5957,Z853
5958,J988
5959,Z886
5960,V252
5961,Z20822
5962,R000
5963,6A600ZZ
5964,3E03329
5965,O730
5966,0UB90ZZ
5967,E049
5968,J00
5969,554
5970,64891
5971,I340
5972,Z6740
5973,Z87440
5974,P0736
5975,53290
5976,067
5977,R1312
5978,N200
5979,1743
5980,N281
5981,0BH17EZ
5982,6759
5983,4019
5984,V4571
5985,29040
5986,O99344
5987,D62
5988,2113
5989,K7689
5990,O691XX0
5991,4263
5992,O480
5993,10A07ZX
5994,Z9049
5995,O365930
5996,0W9G3ZZ
5997,F17210
5998,Z880
5999,L7634
6000,BY4CZZZ
6001,K77
6002,M47896
6003,H9110
6004,M810
6005,P615
6006,3E0333Z
6007,BY4GZZZ
6008,J4590
6009,O99892
6010,25050
6011,V140
6012,Z20822
6013,H8109
6014,4023
6015,F17210
6016,J42
6017,27702
6018,O691XX0
6019,3E1K78Z
6020,0HTU0ZZ
6021,Z6740
6022,Z3A40
6023,O76
6024,J4550
6025,Z6710
6026,O99284
6027,O358XX0
6028,J210
6029,B9689
6030,43889
6031,20400
6032,0VT04ZZ
6033,V8542
6034,0VT04ZZ
6035,4921
6036,3E0F7SF
6037,S330
6038,Z91038
6039,K643
6040,M1289
6041,U071
6042,64671
6043,S42201A
6044,0HRLX74
6045,O9832
6046,0WQNXZZ
6047,Z6741
6048,Z87891
6049,V441
6050,O9089
6051,Z8619
6052,O3413
6053,0TT74ZZ
6054,P928
6055,0UT20ZZ
6056,Z6730
6057,6160
6058,9914
6059,S42412A
6060,0VB08ZZ
6061,0T1B3JD
6062,Z228
6063,Z6740
6064,G35
6065,9921
6066,66221
6067,O34219
6068,5950
6069,0W8NXZZ
6070,V140
6071,O34219
6072,F17210
6073,P599
6074,4281
6075,Z6720
6076,O3403
6077,O9902
6078,81203
6079,O480
6080,I509
6081,1840
6082,O30043
6083,M329
6084,0UL70ZZ
6085,R1310
6086,O30033
6087,10S0XZZ
6088,E079
6089,F419
6090,J343
6091,BT4JZZZ
6092,I509
6093,42611
6094,BW201ZZ
6095,O621
6096,O00101
6097,P704
6098,F319
6099,2767
6100,0USG0ZZ
6101,2001
6102,Z91018
6103,3E0337Z
6104,O80
6105,Z955
6106,O328XX0
6107,1120
6108,E804
6109,O3663X0
6110,0W9G3ZZ
6111,O23593
6112,07TC4ZZ
6113,E8798
6114,5749
6115,O99334
6116,7024
6117,3E0337Z
6118,V4365
6119,28851
6120,64671
6121,I872
6122,Z228
6123,78060
6124,O99284
6125,E871
6126,Z6710
6127,2Y44X5Z
6128,R7881
6129,L508
6130,I10
6131,F1010
6132,2713
6133,65421
6134,78659
6135,K5730
6136,O9962
6137,721
6138,9771
6139,2881
6140,H5210
6141,0HBT0ZZ
6142,O99284
6143,O364XX0
6144,I480
6145,BW24ZZZ
6146,O99284
6147,Z8673
6148,M479
6149,I071
6150,E109
6151,Z6740
6152,V1271
6153,Z3A40
6154,0UT50ZZ
6155,Z8611
6156,0HQ9XZZ
6157,Z87440
6158,H4420
6159,0D168Z4
6160,4786
6161,27788
6162,BW03ZZZ
6163,O9842
6164,Z6731
6165,66301
6166,B246ZZ4
6167,O9852
6168,Z3A31
6169,10D17ZZ
6170,3051
6171,0BH17EZ
6172,V146
6173,N884
6174,F418
6175,Z1610
6176,R112
6177,8878
6178,66001
6179,I499
6180,H905
6181,D563
6182,8878
6183,3314
6184,E872
6185,N359
6186,N7093
6187,Z843
6188,D271
6189,04189
6190,D691
6191,28803
6192,3E0F7SF
6193,O9912
6194,N801
6195,88500
6196,7871
6197,R001
6198,V1309
6199,30560
6200,O2662
6201,64971
6202,K5730
6203,10D17ZZ
6204,Q549
6205,Z6730
6206,O365930
6207,64661
6208,M1990
6209,5920
6210,Z886
6211,V4364
6212,F1010
6213,2270
6214,O480
6215,O99284
6216,B952
6217,D65
6218,0UB98ZZ
6219,Q211
6220,E872
6221,B348
6222,07054
6223,O2623
6224,G9349
6225,K589
6226,Q600
6227,85223
6228,64403
6229,O99214
6230,R2681
6231,2762
6232,K4031
6233,F329
6234,H269
6235,0U7C7ZZ
6236,V440
6237,8872
6238,M23309
6239,E669
6240,K2940
6241,0UQC7ZZ
6242,F10120
6243,O358XX0
6244,27702
6245,V440
6246,75233
6247,I422
6248,0UB98ZZ
6249,BT4JZZZ
6250,1830
6251,O693XX1
6252,3482
6253,N359
6254,N871
6255,0389
6256,M47812
6257,5A1945Z
6258,Z85048
6259,G43909
6260,F17210
6261,7359
6262,BW00ZZZ
6263,0HTU0ZZ
6264,E221
6265,0HBU0ZZ
6266,R634
6267,V1359
6268,O24420
6269,D069
6270,V629
6271,5533
6272,M419
6273,O480
6274,E119
6275,N920
6276,O99284
6277,M7551
6278,0T9380Z
6279,3E0G76Z
6280,0UT90ZZ
6281,N390
6282,7200
6283,D241
6284,R5382
6285,E103299
6286,P284
6287,B9620
6288,3E033NZ
6289,I420
6290,34510
6291,81703
6292,Z8551
6293,2189
6294,Z96642
6295,V1279
6296,O09523
6297,V550
6298,E8352
6299,28860
6300,O09213
6301,N139
6302,E8497
6303,Z3A23
6304,Z3A41
6305,F329
6306,88600
6307,51881
6308,64891
6309,5412
6310,B246ZZZ
6311,009U3ZX
6312,O99284
6313,K900
6314,G9349
6315,28860
6316,E039
6317,66441
6318,G250
6319,90100
6320,H547
6321,E785
6322,BW40ZZZ
6323,5749
6324,F1010
6325,9914
6326,64901
6327,3E0K7GC
6328,Z9049
6329,R41840
6330,O9962
6331,E079
6332,3E03329
6333,C50911
6334,2900
6335,Z886
6336,O2623
6337,E875
6338,Z881
6339,0DH63UZ
6340,L03311
6341,T8611
6342,0DQR0ZZ
6343,B420ZZZ
6344,K200
6345,5119
6346,0UT97ZZ
6347,0UT97ZZ
6348,N760
6349,O9952
6350,90800
6351,73730
6352,K5900
6353,N390
6354,I208
6355,V1582
6356,6170
6357,V1279
6358,9914
6359,10D07Z6
6360,6529
6361,O693XX0
6362,F314
6363,E0590
6364,4019
6365,O351XX0
6366,70715
6367,9921
6368,9921
6369,1963
6370,Z6710
6371,0JPT0XZ
6372,Z9989
6373,H5501
6374,0VNSXZZ
6375,Z3A20
6376,3E0K805
6377,C541
6378,09TL8ZZ
6379,K439
6380,O6981X0
6381,0HQ9XZZ
6382,6103
6383,53550
6384,P285
6385,BY49ZZZ
6386,N400
6387,Z4002
6388,G309
6389,I482
6390,K766
6391,I071
6392,8872
6393,Z923
6394,O700
6395,Q774
6396,K317
6397,65701
6398,Z6710
6399,O691XX0
6400,I452
6401,F341
6402,G8194
6403,E162
6404,D849
6405,Z593
6406,0UT20ZZ
6407,D259
6408,59651
6409,O9912
6410,49390
6411,O692XX0
6412,64403
6413,D472
6414,Z6834
6415,82710
6416,Z8739
6417,S82841A
6418,C259
6419,5185
6420,O700
6421,51889
6422,Z8739
6423,9929
6424,V1551
6425,4A1HXCZ
6426,Z6721
6427,Z9882
6428,D696
6429,G20
6430,Q231
6431,O411430
6432,O9972
6433,O480
6434,O9852
6435,Z8661
6436,I471
6437,25040
6438,K449
6439,Z91018
6440,56089
6441,4400
6442,64623
6443,3E0G76Z
6444,Z3A30
6445,C50912
6446,59010
6447,J9601
6448,O80
6449,N816
6450,J206
6451,I700
6452,9396
6453,04149
6454,57420
6455,T39315A
6456,Z4002
6457,O9912
6458,O9902
6459,0UT04ZZ
6460,BW2010Z
6461,0T9330Z
6462,27541
6463,0UT90ZZ
6464,Z8551
6465,I493
6466,O99284
6467,E6601
6468,B340
6469,66441
6470,Z3A40
6471,O23592
6472,O99284
6473,53081
6474,Z96659
6475,F10120
6476,Z332
6477,I499
6478,4019
6479,1809
6480,Z9882
6481,F1020
6482,64841
6483,Z923
6484,0UT70ZZ
6485,G250
6486,30501
6487,K439
6488,I119
6489,O701
6490,0UTC4ZZ
6491,E785
6492,Z3A34
6493,4292
6494,H538
6495,Q170
6496,R109
6497,M069
6498,S80212A
6499,K4020
6500,E7439
6501,E890
6502,Z8673
6503,J36
6504,G2581
6505,Q774
6506,C50911
6507,V144
6508,B020ZZZ
6509,I739
6510,Z9221
6511,0HTT0ZZ
6512,2230
6513,66301
6514,51881
6515,V4577
6516,0UT10ZZ
6517,O09523
6518,J45909
6519,Z952
6520,M059
6521,B020ZZZ
6522,B341
6523,B952
6524,4139
6525,C8200
6526,Z3A40
6527,40490
6528,E039
6529,O610
6530,E8786
6531,O368130
6532,Z940
6533,N401
6534,Z9011
6535,R590
6536,O99284
6537,C50912
6538,R339
6539,Z888
6540,O9952
6541,O9952
6542,B246ZZZ
6543,R000
6544,10D17Z9
6545,K766
6546,4280
6547,0417
6548,30183
6549,N3941
6550,9929
6551,P000
6552,Z947
6553,K2950
6554,47824
6555,N841
6556,O1404
6557,3E033GC
6558,Q249
6559,80503
6560,O9962
6561,1749
6562,P704
6563,64421
6564,S72012A
6565,D259
6566,3E033GC
6567,E119
6568,6841
6569,B9689
6570,E559
6571,R319
6572,99893
6573,83803
6574,5300
6575,5950
6576,Z9081
6577,0TJB8ZZ
6578,3E0F7GC
6579,0DBU0ZZ
6580,K831
6581,O99284
6582,O34219
6583,Z6834
6584,2449
6585,Z7952
6586,10903ZU
6587,R161
6588,9907
6589,M329
6590,C61
6591,Z3A18
6592,F17210
6593,P369
6594,BW20ZZZ
6595,E221
6596,D471
6597,47412
6598,J9600
6599,J342
6600,O99344
6601,O700
6602,BW201ZZ
6603,V427
6604,Z6720
6605,O622
6606,3E0337Z
6607,63590
6608,0UT90ZZ
6609,D649
6610,30233N1
6611,BW40ZZZ
6612,O99334
6613,O9852
6614,51884
6615,9921
6616,0UT20ZZ
6617,K769
6618,Z91048
6619,E211
6620,O9942
6621,85002
6622,V0310XA
6623,E663
6624,7245
6625,M109
6626,0UT24ZZ
6627,E860
6628,5680
6629,D72810
6630,D691
6631,Z3A31
6632,R339
6633,65611
6634,O99284
6635,Z9079
6636,222
6637,10D17Z9
6638,H905
6639,3E0333Z
6640,G43909
6641,O99344
6642,G43909
6643,V5811
6644,0USG0ZZ
6645,30000
6646,64661
6647,Z886
6648,I5030
6649,0HTU0ZZ
6650,Z9221
6651,M7981
6652,O2623
6653,M5186
6654,Z9882
6655,Z9884
6656,O42013
6657,M810
6658,K912
6659,0UB94ZZ
6660,M47896
6661,N390
6662,M47896
6663,J101
6664,0UB98ZZ
6665,M5020
6666,84603
6667,9921
